area,property_type,size_sqft,bedrooms,price_aed,rent_aed,rental_yield_percent,roi_5yr_percent
Downtown,Townhouse,2044,4,3797027,211750,5.58,42.94
JVC,Apartment,1477,4,1557380,121703,7.81,46.74
Downtown,Apartment,919,2,1402727,75498,5.38,33.2
Downtown,Apartment,855,2,1320873,70670,5.35,37.31
JVC,Apartment,469,1,514515,41760,8.12,47.4
Downtown,Apartment,919,2,1453696,80788,5.56,27.99
JVC,Apartment,1583,4,1723550,130927,7.6,40.07
Downtown,Villa,3413,4,5060878,282858,5.59,36.02
Marina,Townhouse,2433,4,4239930,265771,6.27,45.12
Marina,Apartment,516,1,907129,53123,5.86,38.35
Downtown,Apartment,920,2,1706885,89007,5.21,35.69
JVC,Villa,3288,4,3802659,264364,6.95,48.87
Marina,Apartment,429,1,758067,47538,6.27,41.45
Marina,Apartment,781,2,1187322,74500,6.27,43.02
Business Bay,Apartment,1364,3,1944011,124406,6.4,45.36
Marina,Apartment,875,2,1436827,86231,6.0,38.83
Downtown,Apartment,522,1,925141,51429,5.56,27.68
JVC,Apartment,1252,4,1249269,100242,8.02,62.44
Marina,Apartment,1131,3,1733379,105769,6.1,40.47
Marina,Apartment,917,2,1334120,85661,6.42,35.09
JVC,Apartment,475,1,519208,45081,8.68,57.78
Marina,Apartment,446,1,748878,42867,5.72,46.37
Business Bay,Apartment,482,1,712567,48734,6.84,46.83
JVC,Apartment,512,1,553101,41511,7.51,40.92
JVC,Villa,4353,5,4883051,395064,8.09,54.69
Marina,Apartment,1008,2,1690209,95371,5.64,41.5
JVC,Apartment,538,1,606801,49574,8.17,55.55
JVC,Apartment,455,1,418362,33339,7.97,51.55
Business Bay,Apartment,1082,2,1529605,92432,6.04,40.04
JVC,Apartment,446,1,467995,37021,7.91,53.12
Marina,Townhouse,1718,3,2963355,187096,6.31,39.86
Downtown,Apartment,864,2,1616471,84976,5.26,37.05
JVC,Townhouse,1990,3,2000558,167026,8.35,57.08
JVC,Apartment,525,1,552764,45359,8.21,70.29
JVC,Apartment,869,2,885068,66725,7.54,40.19
Marina,Apartment,615,1,801214,49722,6.21,32.97
Marina,Apartment,1092,3,1689977,109309,6.47,42.98
Marina,Apartment,502,1,751280,49908,6.64,46.39
JVC,Townhouse,2541,4,2381322,186271,7.82,40.77
Marina,Apartment,1628,4,2830786,159653,5.64,36.53
Marina,Apartment,930,2,1677085,102523,6.11,48.82
JVC,Apartment,563,1,523479,42807,8.18,54.76
JVC,Apartment,739,2,732151,52729,7.2,39.51
JVC,Apartment,572,1,489923,41473,8.47,52.38
JVC,Apartment,489,1,492860,40704,8.26,51.92
JVC,Apartment,1031,2,829987,65895,7.94,52.64
Palm Jumeirah,Townhouse,1712,3,4369980,205350,4.7,31.17
Marina,Villa,3417,4,5089586,319110,6.27,42.89
JVC,Villa,3482,4,3234801,235653,7.28,40.32
JVC,Apartment,1173,3,1302861,108530,8.33,55.72
Marina,Townhouse,2179,4,3818477,226368,5.93,43.91
Marina,Townhouse,1858,3,2934663,176933,6.03,43.12
JVC,Apartment,560,1,493203,40976,8.31,54.88
JVC,Apartment,856,2,798448,66990,8.39,51.21
Downtown,Apartment,530,1,1084956,58379,5.38,37.92
Business Bay,Villa,2137,3,2571892,161167,6.27,40.27
JVC,Apartment,824,2,823926,63665,7.73,48.39
Marina,Apartment,894,2,1649909,98456,5.97,41.85
Downtown,Villa,3322,4,6569644,369887,5.63,38.42
JVC,Apartment,1033,2,953751,79628,8.35,52.66
Marina,Apartment,1532,4,2691927,149782,5.56,41.74
Marina,Apartment,462,1,750387,45792,6.1,49.89
Downtown,Villa,4404,5,9098199,517921,5.69,37.8
Business Bay,Apartment,558,1,745844,44327,5.94,46.49
Palm Jumeirah,Villa,3094,5,7039149,315041,4.48,32.1
Business Bay,Villa,4902,6,6895842,438143,6.35,44.88
JVC,Apartment,1337,4,1409510,118739,8.42,59.83
Downtown,Apartment,981,2,1787769,104125,5.82,39.46
JVC,Apartment,1077,3,1048557,90130,8.6,57.37
Marina,Apartment,552,1,729082,41156,5.65,28.03
Business Bay,Apartment,808,2,1283151,87498,6.82,45.75
Business Bay,Apartment,995,3,1386089,91825,6.62,42.96
JVC,Apartment,839,2,833230,62988,7.56,50.24
Downtown,Villa,2974,4,5624369,301138,5.35,32.81
Marina,Apartment,428,1,672147,40444,6.02,28.67
JVC,Apartment,790,2,807438,64232,7.96,48.67
Business Bay,Villa,2363,3,2902156,211033,7.27,44.8
Downtown,Apartment,899,2,1668580,105899,6.35,47.33
Marina,Apartment,781,2,1136724,67566,5.94,39.48
Downtown,Apartment,584,1,1144577,62926,5.5,44.89
Marina,Apartment,812,2,1505770,88593,5.88,36.08
Downtown,Apartment,731,2,1390106,73968,5.32,34.17
Marina,Apartment,374,1,640842,39200,6.12,40.16
Business Bay,Villa,3465,4,4377170,285929,6.53,46.42
JVC,Apartment,802,2,721647,58539,8.11,36.85
Marina,Apartment,904,2,1206451,72147,5.98,33.85
JVC,Apartment,469,1,505625,42687,8.44,56.07
JVC,Apartment,899,2,880796,71771,8.15,47.72
Business Bay,Apartment,524,1,850170,54929,6.46,42.87
JVC,Apartment,519,1,497843,40404,8.12,60.96
Downtown,Villa,3217,4,6544922,347796,5.31,25.42
Downtown,Villa,3407,4,5999794,343673,5.73,27.58
Business Bay,Apartment,508,1,752047,46744,6.22,39.08
JVC,Apartment,865,2,886941,69325,7.82,44.83
Marina,Villa,2877,3,4789001,282347,5.9,43.62
Business Bay,Apartment,1167,3,1474666,93723,6.36,43.66
Marina,Villa,4668,5,8222493,453086,5.51,38.96
Downtown,Apartment,986,3,2041463,115954,5.68,38.12
Marina,Apartment,832,2,1338663,87476,6.53,45.62
Business Bay,Villa,2970,3,4718229,331115,7.02,42.53
Business Bay,Townhouse,2256,3,3325306,209789,6.31,40.88
Downtown,Villa,2246,3,3375237,193278,5.73,39.0
Downtown,Apartment,722,2,1266179,65721,5.19,35.21
Marina,Apartment,830,2,1421090,93148,6.55,48.41
Marina,Apartment,460,1,723960,43439,6.0,40.79
JVC,Apartment,866,2,854323,66385,7.77,46.12
Marina,Apartment,968,2,1136954,61128,5.38,30.68
JVC,Apartment,429,1,396207,29936,7.56,56.54
Marina,Apartment,842,2,1351907,78257,5.79,35.3
JVC,Apartment,473,1,496959,37327,7.51,51.12
Marina,Apartment,869,2,1427094,92674,6.49,37.43
Marina,Apartment,1239,3,1734569,108882,6.28,40.46
Business Bay,Apartment,565,1,653239,44066,6.75,36.66
Downtown,Apartment,867,2,1547176,82776,5.35,38.75
Business Bay,Apartment,1159,3,1842143,132642,7.2,49.36
Downtown,Apartment,1202,3,2239197,119832,5.35,32.87
Marina,Townhouse,1506,3,2543713,167927,6.6,46.6
Business Bay,Apartment,512,1,788471,55518,7.04,50.28
Marina,Townhouse,1869,3,2281820,134526,5.9,40.47
JVC,Apartment,453,1,392493,29867,7.61,53.32
JVC,Apartment,858,2,873465,71999,8.24,43.62
Marina,Apartment,947,2,1409678,84432,5.99,48.8
JVC,Apartment,524,1,552947,41829,7.56,52.47
JVC,Apartment,496,1,527080,42541,8.07,43.68
Business Bay,Villa,4627,5,7166451,455251,6.35,44.93
JVC,Apartment,1616,4,1650165,133805,8.11,44.16
Business Bay,Apartment,887,2,1216637,83545,6.87,43.93
Business Bay,Apartment,1211,3,1617739,102868,6.36,40.25
Marina,Apartment,486,1,789634,48355,6.12,30.97
JVC,Apartment,872,2,950337,76339,8.03,55.49
Business Bay,Villa,5499,6,7172914,454353,6.33,29.25
JVC,Villa,4681,6,5362135,462850,8.63,50.54
Marina,Apartment,449,1,643896,34898,5.42,31.06
JVC,Apartment,1318,3,1289912,102937,7.98,53.28
JVC,Apartment,1730,4,2011498,148288,7.37,47.23
Marina,Apartment,468,1,838067,53855,6.43,39.28
JVC,Apartment,1115,3,1036894,92728,8.94,59.4
JVC,Apartment,1126,3,1082792,87861,8.11,52.24
JVC,Apartment,412,1,360698,30131,8.35,47.01
JVC,Apartment,474,1,484729,38746,7.99,55.91
JVC,Apartment,1358,3,1205066,88502,7.34,49.03
Business Bay,Villa,4436,5,6526022,446815,6.85,50.08
JVC,Villa,2407,3,2206746,170453,7.72,51.1
Business Bay,Villa,3363,4,4730151,286554,6.06,44.02
JVC,Apartment,872,2,837632,68813,8.22,51.32
Downtown,Apartment,1146,3,2103622,121910,5.8,33.84
Marina,Apartment,475,1,771322,47128,6.11,37.92
Marina,Apartment,578,1,919158,53618,5.83,48.57
Downtown,Townhouse,1578,3,2791017,158484,5.68,43.33
Marina,Apartment,741,2,1289341,79875,6.2,40.48
Downtown,Apartment,544,1,960549,50952,5.3,33.18
Marina,Apartment,495,1,882077,53831,6.1,42.8
JVC,Villa,3712,5,3832823,325777,8.5,54.96
JVC,Apartment,466,1,550136,43922,7.98,42.77
Marina,Apartment,468,1,823836,48745,5.92,39.46
Marina,Apartment,715,2,1231625,76800,6.24,43.31
JVC,Apartment,827,2,794240,71170,8.96,54.69
JVC,Apartment,510,1,406205,32094,7.9,46.1
Marina,Apartment,509,1,728961,45900,6.3,44.6
Marina,Apartment,569,1,996270,59954,6.02,36.85
JVC,Villa,3862,5,4283041,344605,8.05,54.98
Business Bay,Apartment,997,2,1424219,89559,6.29,39.02
Business Bay,Apartment,1390,4,1843138,123510,6.7,49.15
JVC,Apartment,853,2,863471,71196,8.25,46.11
Marina,Apartment,554,1,877458,55103,6.28,45.77
Downtown,Apartment,511,1,1016554,60617,5.96,37.52
JVC,Villa,4099,6,3865026,321577,8.32,52.5
Marina,Apartment,796,2,1325385,81487,6.15,42.04
Marina,Apartment,1600,4,2485672,136832,5.5,37.27
Business Bay,Apartment,947,2,1095894,69942,6.38,36.31
Palm Jumeirah,Apartment,944,2,2193256,91018,4.15,29.39
Marina,Apartment,934,2,1421651,78660,5.53,35.52
JVC,Villa,2711,3,3043283,258247,8.49,51.98
Business Bay,Apartment,1168,3,1604348,103909,6.48,42.2
JVC,Townhouse,1776,3,1592582,126196,7.92,51.86
JVC,Apartment,545,1,564728,47432,8.4,37.51
JVC,Apartment,453,1,482266,39114,8.11,47.3
Downtown,Villa,2717,3,5133994,284493,5.54,39.53
JVC,Apartment,1146,3,1153865,93221,8.08,52.64
JVC,Apartment,988,2,875486,71098,8.12,46.83
Palm Jumeirah,Apartment,1705,4,4156865,190244,4.58,40.06
JVC,Villa,3692,4,3239227,266878,8.24,54.7
JVC,Apartment,1214,3,1089531,81592,7.49,39.23
JVC,Apartment,795,2,690411,59767,8.66,58.33
JVC,Apartment,502,1,559595,43750,7.82,48.99
Downtown,Apartment,551,1,1234062,72571,5.88,42.22
Business Bay,Villa,4776,6,6948831,447408,6.44,44.96
Marina,Apartment,450,1,641353,38827,6.05,47.23
Downtown,Apartment,798,2,1209556,66079,5.46,36.52
JVC,Apartment,798,2,824430,60701,7.36,49.02
Palm Jumeirah,Apartment,1130,3,2844311,131014,4.61,33.73
JVC,Villa,3812,5,3559473,264787,7.44,55.94
Business Bay,Townhouse,1934,3,2518480,170273,6.76,41.0
Downtown,Apartment,458,1,1001754,51824,5.17,37.42
JVC,Villa,3704,4,4305437,317966,7.39,48.26
Downtown,Apartment,781,2,1637667,97627,5.96,37.04
JVC,Townhouse,1854,3,1755426,129037,7.35,49.57
Marina,Apartment,1130,3,1624817,94324,5.81,32.91
Marina,Apartment,468,1,802875,50655,6.31,42.09
JVC,Apartment,561,1,493476,42779,8.67,55.44
JVC,Apartment,765,2,813991,62140,7.63,48.58
JVC,Villa,3660,4,3883084,293680,7.56,46.23
Palm Jumeirah,Townhouse,2317,4,6504091,281720,4.33,32.78
JVC,Apartment,1284,3,1407906,108206,7.69,41.77
Marina,Townhouse,2104,4,2828692,188015,6.65,37.58
JVC,Townhouse,1814,3,1796783,150348,8.37,50.39
Business Bay,Villa,3892,5,5320123,325268,6.11,38.8
JVC,Apartment,1718,4,1799881,143810,7.99,54.04
JVC,Villa,1868,3,1880521,147645,7.85,44.3
Marina,Apartment,502,1,847147,50649,5.98,42.33
Downtown,Apartment,874,2,1448534,81820,5.65,31.83
JVC,Apartment,489,1,562273,45316,8.06,48.61
Palm Jumeirah,Apartment,481,1,1118996,51116,4.57,29.7
Marina,Apartment,1617,4,2896542,182043,6.28,34.0
JVC,Apartment,493,1,542407,42292,7.8,43.13
Downtown,Villa,3863,5,5152585,275652,5.35,38.71
JVC,Apartment,450,1,448901,32392,7.22,56.38
Business Bay,Apartment,812,2,1036625,66797,6.44,50.78
Downtown,Apartment,874,2,1606176,93385,5.81,33.47
Downtown,Apartment,1458,3,2466919,140714,5.7,40.02
JVC,Apartment,440,1,443196,35612,8.04,58.79
JVC,Apartment,481,1,490630,36606,7.46,42.45
Downtown,Villa,3914,5,6739578,375913,5.58,34.35
JVC,Apartment,549,1,508193,37765,7.43,54.66
Marina,Apartment,904,2,1624506,94627,5.82,39.32
Palm Jumeirah,Villa,3318,4,8519887,412695,4.84,36.76
Business Bay,Apartment,527,1,723431,45624,6.31,35.13
Downtown,Apartment,831,2,1454732,81240,5.58,42.0
Downtown,Villa,4443,5,7347357,428628,5.83,38.47
JVC,Villa,4174,5,3632892,296439,8.16,47.54
Business Bay,Apartment,892,2,1339206,97060,7.25,51.62
JVC,Apartment,914,2,948873,80805,8.52,55.95
Marina,Apartment,541,1,785997,50196,6.39,39.82
Marina,Apartment,748,2,1250594,79525,6.36,38.75
JVC,Apartment,726,2,646359,50534,7.82,44.99
Business Bay,Townhouse,2110,3,2837094,186482,6.57,47.53
Downtown,Apartment,949,2,1610586,89384,5.55,33.57
JVC,Apartment,577,1,692878,61143,8.82,60.16
JVC,Villa,3297,4,3730465,315088,8.45,48.99
JVC,Villa,2923,4,2866631,221111,7.71,39.23
Marina,Apartment,866,2,1465747,96131,6.56,37.41
JVC,Apartment,818,2,907461,79437,8.75,61.49
Marina,Apartment,473,1,816235,44331,5.43,38.01
Business Bay,Apartment,893,2,1184471,72486,6.12,26.24
Marina,Apartment,605,2,953905,59810,6.27,45.24
Marina,Apartment,538,1,966960,57727,5.97,38.83
Downtown,Apartment,1099,3,1795917,97274,5.42,44.92
JVC,Apartment,643,2,700866,58135,8.29,50.07
Marina,Apartment,1658,4,2679876,159911,5.97,36.82
Downtown,Villa,5289,6,8326390,464673,5.58,31.12
JVC,Townhouse,2114,4,2047414,160298,7.83,46.44
Downtown,Villa,2964,4,5369517,301655,5.62,41.56
Marina,Villa,3272,4,4802258,269891,5.62,37.81
Business Bay,Villa,3131,5,3941043,264098,6.7,53.79
Marina,Apartment,1122,3,1785156,103743,5.81,42.07
Downtown,Apartment,506,1,1059055,59188,5.59,36.68
Business Bay,Villa,3404,4,4751457,307902,6.48,38.72
Business Bay,Apartment,875,2,1133415,72101,6.36,47.55
JVC,Townhouse,1470,3,1499966,122172,8.15,57.57
JVC,Villa,3322,4,3605717,295448,8.19,46.74
JVC,Apartment,1168,3,1224604,95291,7.78,46.33
Business Bay,Apartment,603,1,754236,49084,6.51,49.6
Palm Jumeirah,Apartment,1728,4,4938925,209038,4.23,29.89
Marina,Apartment,899,2,1485706,90008,6.06,38.53
Marina,Villa,4841,5,8017683,473757,5.91,29.77
Business Bay,Apartment,564,1,788981,48721,6.18,38.35
JVC,Villa,2358,3,2261805,174948,7.73,38.53
JVC,Apartment,934,2,894506,73005,8.16,50.69
JVC,Apartment,951,2,844842,66228,7.84,51.82
Business Bay,Apartment,860,2,1438687,88837,6.17,37.49
Marina,Apartment,911,2,1555754,87688,5.64,42.35
Business Bay,Apartment,838,2,1059785,72699,6.86,43.7
JVC,Apartment,1520,4,1377574,108983,7.91,51.66
Business Bay,Apartment,1288,3,1915139,118661,6.2,46.41
Business Bay,Apartment,1240,3,1624865,100806,6.2,41.48
Marina,Apartment,917,2,1231389,69990,5.68,33.08
JVC,Apartment,1251,3,1363915,114036,8.36,52.88
Marina,Apartment,503,1,899205,51450,5.72,39.8
Marina,Townhouse,2450,4,4974031,271432,5.46,33.85
Downtown,Villa,4043,5,7972118,473813,5.94,46.29
JVC,Villa,2981,4,2990377,236161,7.9,37.47
JVC,Townhouse,2310,4,2701590,209398,7.75,49.73
Downtown,Apartment,831,2,1186895,66754,5.62,31.92
Downtown,Apartment,823,2,1371169,76617,5.59,44.64
JVC,Apartment,1106,3,1084998,82953,7.65,49.57
Downtown,Apartment,1428,3,2555063,135550,5.31,28.96
Downtown,Apartment,1292,3,2683058,154365,5.75,36.05
Palm Jumeirah,Villa,2379,3,6035400,293486,4.86,38.8
Marina,Apartment,774,2,1201182,77553,6.46,39.83
Marina,Apartment,508,1,849443,48187,5.67,45.42
JVC,Apartment,867,2,933414,76097,8.15,53.95
Marina,Townhouse,1594,3,2578296,154440,5.99,38.91
Downtown,Apartment,683,2,1320344,75725,5.74,45.11
Business Bay,Apartment,748,2,1144280,78099,6.83,40.77
Downtown,Villa,3354,5,5618849,280672,5.0,40.83
JVC,Villa,3652,5,3502645,264720,7.56,46.71
Business Bay,Apartment,502,1,692120,41810,6.04,46.27
Marina,Apartment,548,1,1018905,57361,5.63,35.19
Palm Jumeirah,Apartment,846,2,1872685,84293,4.5,30.13
Palm Jumeirah,Apartment,495,1,1193111,52995,4.44,40.2
Downtown,Townhouse,1783,3,3283224,182740,5.57,42.35
Business Bay,Townhouse,1780,3,2604573,156000,5.99,34.31
JVC,Apartment,983,2,1008325,79782,7.91,55.7
Downtown,Apartment,491,1,843093,41781,4.96,38.52
JVC,Apartment,832,2,1026881,83349,8.12,55.08
JVC,Apartment,476,1,471683,42723,9.06,47.77
Marina,Townhouse,2874,5,5412754,318890,5.89,40.86
JVC,Apartment,1245,3,1241608,104921,8.45,52.0
JVC,Apartment,531,1,493405,39947,8.1,38.38
JVC,Apartment,1193,3,1227491,100757,8.21,54.27
JVC,Townhouse,2009,3,1968752,156435,7.95,54.75
JVC,Apartment,1197,3,1151219,97274,8.45,56.99
JVC,Apartment,557,1,527647,40324,7.64,44.79
Palm Jumeirah,Apartment,1697,4,4462106,208074,4.66,35.9
JVC,Apartment,909,2,1016768,83718,8.23,53.42
JVC,Apartment,836,2,773855,59818,7.73,47.93
Downtown,Apartment,1203,3,2298377,123482,5.37,35.77
JVC,Villa,3440,5,3178454,244497,7.69,43.76
Business Bay,Townhouse,1749,3,2605009,156280,6.0,39.33
JVC,Townhouse,2612,4,2270963,154248,6.79,44.88
JVC,Apartment,444,1,479518,39979,8.34,54.48
Business Bay,Apartment,883,2,1173754,76196,6.49,33.61
Downtown,Apartment,796,2,1436398,82774,5.76,33.65
Marina,Villa,2706,3,3954568,229466,5.8,37.49
Downtown,Apartment,1323,3,2223829,121334,5.46,42.01
Business Bay,Apartment,1591,4,2097769,119727,5.71,37.87
JVC,Villa,2630,3,2415800,195114,8.08,50.72
JVC,Townhouse,2157,4,2089733,172325,8.25,57.25
Marina,Apartment,1110,4,1780537,99132,5.57,36.79
Downtown,Apartment,477,1,984004,55004,5.59,39.45
Marina,Apartment,826,2,1371170,86264,6.29,49.47
Downtown,Apartment,776,2,1554158,80395,5.17,44.08
JVC,Apartment,1094,3,939968,68640,7.3,47.11
Business Bay,Apartment,488,1,615984,34909,5.67,37.38
JVC,Apartment,526,1,524706,46211,8.81,55.12
Downtown,Villa,4279,5,7718706,438811,5.69,41.38
Marina,Apartment,549,1,813265,43522,5.35,38.04
Downtown,Apartment,508,1,919483,51009,5.55,38.96
JVC,Apartment,480,1,471582,36324,7.7,44.53
JVC,Villa,3306,4,3383182,253601,7.5,44.4
Marina,Apartment,883,2,1613209,98368,6.1,38.64
JVC,Apartment,781,2,682850,53988,7.91,51.86
JVC,Villa,3653,5,3596548,288268,8.02,53.0
Marina,Apartment,833,2,1286465,76491,5.95,46.59
JVC,Apartment,489,1,429592,35136,8.18,52.75
Marina,Townhouse,1512,3,2531573,167268,6.61,36.22
Marina,Apartment,1635,4,2464047,148040,6.01,42.9
Palm Jumeirah,Villa,2951,3,7236874,337379,4.66,26.84
JVC,Apartment,849,2,982167,81003,8.25,50.2
Marina,Apartment,544,1,831228,48701,5.86,40.62
Downtown,Apartment,782,2,1455922,77040,5.29,28.63
Business Bay,Townhouse,1683,3,2667704,185708,6.96,41.8
Business Bay,Townhouse,2574,4,3390369,224852,6.63,35.26
Downtown,Apartment,500,1,815307,43929,5.39,40.37
Palm Jumeirah,Apartment,896,2,2832228,122319,4.32,36.38
Downtown,Villa,4807,6,9450717,516474,5.46,44.88
JVC,Apartment,803,2,720763,56605,7.85,51.49
Marina,Apartment,887,3,1448241,88791,6.13,42.68
Downtown,Apartment,769,2,1442825,79789,5.53,42.91
Downtown,Apartment,517,1,885915,47079,5.31,36.74
Palm Jumeirah,Apartment,448,1,1037272,49518,4.77,37.97
Business Bay,Apartment,559,1,706704,44869,6.35,44.06
Downtown,Townhouse,2635,4,3928255,209589,5.34,37.82
JVC,Villa,2604,3,2969659,245299,8.26,43.79
Downtown,Villa,4113,5,6696585,325787,4.86,35.11
Business Bay,Villa,3968,5,6553344,430867,6.57,45.36
JVC,Villa,3123,4,3291790,246237,7.48,41.29
Palm Jumeirah,Villa,4287,5,12514141,562978,4.5,35.84
Downtown,Apartment,789,2,1626238,89173,5.48,39.69
Marina,Villa,4305,5,6922723,415510,6.0,36.71
JVC,Villa,2560,3,2916045,221661,7.6,46.61
Business Bay,Apartment,534,1,719199,49225,6.84,47.31
Downtown,Apartment,855,2,1442104,75340,5.22,30.61
Downtown,Apartment,468,1,972715,52066,5.35,28.23
JVC,Apartment,527,1,518963,44396,8.55,58.51
JVC,Apartment,814,2,836064,63662,7.61,43.29
Downtown,Townhouse,1560,3,2831393,167511,5.92,36.51
JVC,Apartment,425,1,397536,31670,7.97,42.58
Downtown,Apartment,857,2,1604508,87880,5.48,38.31
Marina,Apartment,739,2,1281435,80005,6.24,35.48
JVC,Apartment,532,1,450917,35685,7.91,50.95
JVC,Villa,4005,5,3988533,294655,7.39,49.51
JVC,Townhouse,1730,3,1803395,138036,7.65,47.57
JVC,Townhouse,1721,3,1444829,125697,8.7,60.41
JVC,Apartment,880,2,930539,71842,7.72,44.25
Marina,Apartment,907,2,1668820,97225,5.83,40.33
Palm Jumeirah,Villa,3525,5,8996833,433542,4.82,37.5
JVC,Apartment,534,1,522985,44083,8.43,63.97
Downtown,Apartment,1332,3,2552931,155444,6.09,36.69
Marina,Villa,3957,4,5846597,341156,5.84,43.47
Downtown,Apartment,465,1,838208,47929,5.72,38.51
Marina,Villa,2885,4,4991985,295341,5.92,38.18
Marina,Apartment,861,2,1401189,81152,5.79,40.61
Downtown,Apartment,647,1,1310475,67207,5.13,29.03
Business Bay,Villa,2921,4,3533038,237772,6.73,43.7
Business Bay,Apartment,508,1,924894,61222,6.62,41.53
JVC,Villa,3940,5,4567216,345226,7.56,49.59
JVC,Apartment,814,2,790488,66324,8.39,56.54
JVC,Apartment,485,1,506600,38948,7.69,47.0
Marina,Apartment,732,2,1106416,69775,6.31,51.97
Downtown,Apartment,942,2,1875127,103134,5.5,31.01
Downtown,Villa,3684,5,6688570,350849,5.25,37.5
Downtown,Apartment,809,2,1270428,69412,5.46,38.2
JVC,Apartment,631,1,560870,48154,8.59,57.91
Downtown,Apartment,955,2,1743121,97604,5.6,39.69
JVC,Apartment,737,2,722886,55517,7.68,48.08
Downtown,Villa,4764,6,9383649,528904,5.64,38.4
Marina,Apartment,560,1,851931,46319,5.44,40.28
Marina,Apartment,490,1,736572,48087,6.53,41.23
JVC,Villa,2662,3,2359928,186892,7.92,49.56
Business Bay,Villa,3760,4,5483549,369817,6.74,46.84
JVC,Apartment,969,2,1036933,81117,7.82,46.72
Business Bay,Villa,5165,6,8273969,558893,6.75,45.33
JVC,Apartment,590,1,577590,44248,7.66,45.04
Downtown,Apartment,542,1,961251,49241,5.12,35.77
Marina,Apartment,525,1,927521,53820,5.8,43.29
JVC,Apartment,1029,3,1143109,87711,7.67,45.32
JVC,Apartment,922,2,808444,66461,8.22,54.23
JVC,Apartment,452,1,517454,40444,7.82,48.75
Downtown,Apartment,1241,3,1885708,104208,5.53,36.31
Downtown,Villa,4375,5,7644852,410603,5.37,40.08
JVC,Apartment,537,1,570780,43341,7.59,46.75
Marina,Apartment,695,2,1184890,66823,5.64,41.66
Marina,Villa,4258,5,7557112,499047,6.6,48.14
Business Bay,Apartment,1000,2,1331559,80691,6.06,37.53
JVC,Townhouse,2902,5,2293316,189203,8.25,55.68
JVC,Apartment,951,2,1062495,87372,8.22,50.31
Marina,Apartment,935,2,1698452,98123,5.78,36.46
JVC,Apartment,480,1,567493,47561,8.38,54.27
Marina,Apartment,982,2,1705556,104456,6.12,42.94
Palm Jumeirah,Apartment,756,2,1831485,75597,4.13,33.33
Business Bay,Apartment,810,2,1117455,72366,6.48,40.12
Marina,Apartment,1239,3,2142268,131291,6.13,38.94
Business Bay,Apartment,926,2,1214660,79952,6.58,47.01
Palm Jumeirah,Apartment,1178,3,2802537,128277,4.58,34.43
Business Bay,Apartment,491,1,581138,36846,6.34,40.28
Marina,Apartment,1286,4,1962610,114149,5.82,44.34
Downtown,Apartment,461,1,723031,38859,5.37,37.78
Marina,Villa,2720,3,4186974,227125,5.42,36.37
JVC,Villa,2545,3,3231593,263049,8.14,45.68
Downtown,Apartment,405,1,701522,36295,5.17,24.26
JVC,Apartment,890,2,923828,75361,8.16,41.15
Business Bay,Townhouse,2027,4,2696878,190221,7.05,44.89
JVC,Apartment,1314,3,1266008,92652,7.32,41.97
JVC,Villa,2565,3,2243491,176327,7.86,62.72
JVC,Apartment,975,2,861617,69676,8.09,44.95
Marina,Apartment,522,1,799406,48876,6.11,39.62
Palm Jumeirah,Apartment,560,1,1330282,57713,4.34,30.54
JVC,Villa,4313,5,3891438,300693,7.73,45.25
Business Bay,Apartment,526,1,828066,52109,6.29,43.76
JVC,Apartment,541,1,539976,41780,7.74,45.02
Business Bay,Apartment,798,2,1168942,65543,5.61,35.54
JVC,Townhouse,2569,4,2475609,192113,7.76,43.25
JVC,Apartment,1260,3,1756087,125847,7.17,54.46
Business Bay,Apartment,422,1,573453,37738,6.58,38.44
Downtown,Apartment,477,1,967550,51790,5.35,38.56
JVC,Apartment,913,2,923540,71519,7.74,47.89
Marina,Villa,3062,4,5265543,312857,5.94,39.39
Palm Jumeirah,Apartment,1283,3,2739350,116045,4.24,36.92
Business Bay,Townhouse,2095,4,3213917,218055,6.78,51.29
Palm Jumeirah,Apartment,494,1,1137592,49092,4.32,25.32
Business Bay,Townhouse,1915,3,2630319,173740,6.61,37.29
Marina,Townhouse,1503,3,2407454,159438,6.62,41.25
JVC,Villa,2986,4,3508770,293784,8.37,50.68
Business Bay,Townhouse,1601,3,2448813,155175,6.34,39.22
Downtown,Apartment,1242,3,2108602,105416,5.0,36.35
JVC,Apartment,747,2,729422,58712,8.05,45.2
Business Bay,Apartment,896,2,1279743,84281,6.59,49.29
JVC,Villa,3454,4,3628916,292885,8.07,45.79
JVC,Apartment,1785,4,1892521,151947,8.03,49.08
JVC,Apartment,412,1,436817,34830,7.97,52.12
Downtown,Apartment,479,1,1025640,57979,5.65,31.59
Downtown,Apartment,521,1,979341,48034,4.9,32.88
Downtown,Villa,2798,4,3610807,194114,5.38,39.64
Downtown,Villa,3775,5,5275686,296122,5.61,37.13
Marina,Townhouse,2182,4,3504419,184104,5.25,32.98
Marina,Apartment,1817,4,3052524,181917,5.96,36.26
Marina,Apartment,1129,3,1847910,114836,6.21,30.82
Downtown,Villa,3459,5,7087047,380720,5.37,35.42
Downtown,Apartment,802,2,1474535,76224,5.17,33.87
Marina,Villa,2200,3,3417180,206600,6.05,45.32
Marina,Apartment,869,2,1486968,83555,5.62,46.61
JVC,Apartment,988,2,938571,73964,7.88,50.77
Business Bay,Apartment,963,3,1198764,77195,6.44,43.75
Business Bay,Apartment,907,2,1045962,67220,6.43,41.71
Downtown,Apartment,1535,4,2879611,151537,5.26,42.71
JVC,Villa,5559,6,5296138,425246,8.03,48.46
JVC,Apartment,435,1,460261,37650,8.18,41.55
Downtown,Apartment,574,1,985401,51919,5.27,35.22
Marina,Apartment,808,2,1215006,74690,6.15,38.95
Business Bay,Apartment,504,1,669141,42713,6.38,41.51
JVC,Apartment,842,2,839250,61328,7.31,54.01
Palm Jumeirah,Apartment,449,1,1227457,54567,4.45,36.13
JVC,Apartment,886,2,928423,71645,7.72,45.02
Business Bay,Townhouse,1442,3,1896459,127444,6.72,39.73
Marina,Apartment,761,2,1019944,57410,5.63,38.69
JVC,Villa,4029,5,3961133,304114,7.68,41.66
Downtown,Apartment,495,1,854228,44760,5.24,39.24
JVC,Apartment,1162,3,1233413,96358,7.81,41.92
Marina,Apartment,1317,3,2217917,125731,5.67,36.69
JVC,Apartment,817,2,801104,66027,8.24,56.79
JVC,Villa,4052,4,3802618,280860,7.39,37.53
Downtown,Apartment,1311,3,2488590,146929,5.9,41.0
Marina,Villa,2261,3,3374063,194622,5.77,42.99
Business Bay,Apartment,477,1,728075,49458,6.79,52.41
JVC,Apartment,709,2,671993,51783,7.71,52.14
JVC,Apartment,781,2,836768,70532,8.43,53.77
Marina,Villa,3557,4,5669288,333049,5.87,29.24
Marina,Apartment,503,1,784089,50440,6.43,31.13
Marina,Apartment,865,2,1515033,90958,6.0,54.36
Marina,Apartment,903,2,1410840,80131,5.68,37.0
JVC,Apartment,901,2,928148,76622,8.26,56.57
JVC,Townhouse,1917,3,1699327,144188,8.49,61.1
Marina,Villa,3519,4,6724505,385751,5.74,36.79
Marina,Villa,4527,6,7452011,481440,6.46,39.02
JVC,Apartment,454,1,515748,43674,8.47,53.01
Palm Jumeirah,Apartment,858,2,1965429,94716,4.82,26.15
Downtown,Apartment,468,1,819207,48252,5.89,27.01
Business Bay,Townhouse,2170,4,3347409,208685,6.23,33.01
JVC,Apartment,516,1,468443,37881,8.09,45.3
JVC,Villa,4099,5,4544115,377071,8.3,58.69
Marina,Apartment,604,1,868768,51184,5.89,41.54
Marina,Townhouse,2259,3,3383548,194351,5.74,39.15
Marina,Apartment,718,2,1178991,74643,6.33,44.03
Marina,Apartment,778,2,1111571,69483,6.25,42.45
Business Bay,Apartment,968,2,1174485,71128,6.06,39.54
JVC,Apartment,481,1,473803,39356,8.31,56.58
Downtown,Apartment,485,1,1013486,57634,5.69,37.75
Downtown,Apartment,842,2,1567826,85448,5.45,34.78
JVC,Apartment,751,2,625084,45521,7.28,39.63
JVC,Apartment,864,2,908837,81593,8.98,52.18
JVC,Apartment,486,1,439132,36019,8.2,47.37
Marina,Apartment,934,2,1533571,83521,5.45,41.83
Business Bay,Apartment,543,1,770887,46156,5.99,35.92
Marina,Apartment,785,2,1278831,81343,6.36,43.39
Marina,Apartment,891,2,1508129,91372,6.06,39.8
Marina,Villa,5174,6,7605210,453999,5.97,37.38
JVC,Apartment,1173,3,1413461,109260,7.73,46.63
Downtown,Apartment,506,1,858088,46641,5.44,41.22
Marina,Apartment,521,1,868948,47507,5.47,42.66
JVC,Apartment,1348,3,1426324,105424,7.39,55.69
Palm Jumeirah,Apartment,898,2,1960145,82524,4.21,32.51
Marina,Apartment,718,2,1165175,67839,5.82,40.29
Downtown,Apartment,476,1,749445,40956,5.46,34.52
JVC,Apartment,490,1,499380,38496,7.71,48.59
Marina,Apartment,863,2,1522691,92162,6.05,33.58
JVC,Apartment,1141,3,1235149,90721,7.34,47.32
Downtown,Townhouse,2524,4,3587837,208713,5.82,46.02
Downtown,Apartment,859,2,1625382,85302,5.25,41.91
Downtown,Apartment,524,1,894088,50432,5.64,47.88
JVC,Townhouse,1638,3,1423456,116738,8.2,49.26
Business Bay,Apartment,516,1,718200,47850,6.66,40.64
Downtown,Villa,3696,4,6841658,382682,5.59,39.38
Marina,Apartment,563,1,702324,43198,6.15,28.29
Palm Jumeirah,Apartment,764,2,1858025,89330,4.81,28.2
JVC,Apartment,574,1,681665,54251,7.96,43.6
JVC,Apartment,560,1,525269,38614,7.35,48.93
JVC,Apartment,908,2,1041621,78698,7.56,47.6
Downtown,Apartment,692,2,1262259,69418,5.5,36.36
Downtown,Villa,2660,3,4847177,265086,5.47,30.85
Marina,Apartment,899,2,1077541,64529,5.99,40.19
Marina,Villa,3374,4,5886480,347935,5.91,46.11
JVC,Townhouse,2168,4,1997089,154739,7.75,45.0
Downtown,Apartment,1013,2,1600782,88356,5.52,31.13
Marina,Apartment,963,2,1724151,102893,5.97,44.84
JVC,Apartment,767,2,844536,68698,8.13,49.53
Downtown,Apartment,500,1,1003573,52070,5.19,39.74
JVC,Villa,2854,4,2736111,219261,8.01,50.62
Business Bay,Apartment,914,2,1415466,91566,6.47,44.43
Marina,Apartment,733,2,1214529,65663,5.41,37.27
Downtown,Apartment,807,2,1247205,65738,5.27,33.16
JVC,Townhouse,1875,3,1925930,151461,7.86,51.17
Palm Jumeirah,Apartment,498,1,1156246,51271,4.43,29.9
Downtown,Villa,4420,5,7614681,427352,5.61,40.82
Marina,Apartment,1063,3,1911527,127426,6.67,43.38
JVC,Apartment,518,1,534869,45341,8.48,46.1
JVC,Villa,5300,6,5074331,414104,8.16,47.19
JVC,Apartment,496,1,500385,40177,8.03,49.4
JVC,Villa,3411,4,3297832,246088,7.46,48.37
JVC,Apartment,958,2,943867,77523,8.21,55.26
Marina,Villa,3698,5,6750784,412366,6.11,43.58
Marina,Apartment,1327,3,2433123,139298,5.73,34.44
Business Bay,Apartment,763,2,1035946,67416,6.51,41.22
Palm Jumeirah,Apartment,514,1,1011060,47801,4.73,32.85
JVC,Apartment,510,1,482048,35568,7.38,55.62
Downtown,Villa,2624,3,5228909,270338,5.17,24.27
Downtown,Villa,3595,4,5390197,296420,5.5,37.6
Business Bay,Apartment,481,1,583192,36552,6.27,43.95
Marina,Apartment,839,2,1443175,86737,6.01,34.84
Downtown,Apartment,800,2,1487756,86952,5.84,36.98
Downtown,Apartment,946,2,1708951,92993,5.44,44.73
Palm Jumeirah,Apartment,1423,4,3853041,175344,4.55,32.84
Business Bay,Apartment,729,2,968089,61272,6.33,46.8
Business Bay,Apartment,460,1,596239,35323,5.92,41.98
Downtown,Apartment,1198,3,2354105,124799,5.3,34.95
Palm Jumeirah,Apartment,447,1,988425,45511,4.6,30.27
Marina,Apartment,524,1,799559,46043,5.76,39.22
Palm Jumeirah,Apartment,1230,3,3003103,135192,4.5,30.88
JVC,Townhouse,2621,5,2387511,182862,7.66,40.98
Downtown,Apartment,455,1,861747,47478,5.51,27.71
JVC,Villa,4166,5,3668780,290264,7.91,45.85
Downtown,Apartment,480,1,854837,46081,5.39,31.03
Business Bay,Apartment,961,2,1270315,87513,6.89,37.07
Marina,Apartment,1341,3,2250170,133643,5.94,37.05
Downtown,Apartment,514,1,826286,44438,5.38,42.8
Marina,Apartment,548,1,757829,49127,6.48,46.55
Downtown,Villa,3765,4,6679338,361339,5.41,41.05
JVC,Apartment,818,2,806541,60020,7.44,50.17
Downtown,Apartment,473,1,829255,43188,5.21,35.81
Downtown,Townhouse,1857,3,3896417,215801,5.54,42.67
JVC,Apartment,487,1,516739,44079,8.53,49.39
Downtown,Townhouse,2518,4,4643468,235818,5.08,34.41
JVC,Townhouse,1853,3,1834676,142547,7.77,34.35
Downtown,Townhouse,2459,4,4684738,247354,5.28,26.86
Business Bay,Apartment,863,2,1278081,86335,6.76,46.88
Business Bay,Apartment,583,1,739843,51972,7.02,43.51
Downtown,Apartment,514,1,1076982,57295,5.32,31.95
JVC,Apartment,495,1,522804,43810,8.38,51.6
JVC,Villa,2958,4,2914795,241959,8.3,45.57
Business Bay,Apartment,533,1,861152,58458,6.79,47.75
Palm Jumeirah,Apartment,471,1,1201744,56804,4.73,30.89
JVC,Apartment,814,2,889405,73065,8.22,53.22
Marina,Apartment,515,1,976830,55188,5.65,40.85
Marina,Apartment,555,1,905925,52367,5.78,48.35
Palm Jumeirah,Villa,4072,6,10377222,458404,4.42,28.56
JVC,Apartment,816,2,726266,59111,8.14,51.13
JVC,Townhouse,2006,4,2083037,175943,8.45,59.77
JVC,Apartment,870,2,689368,56674,8.22,48.37
Marina,Apartment,785,2,1499433,91961,6.13,32.15
Downtown,Townhouse,2221,5,4010578,197665,4.93,33.04
Business Bay,Apartment,840,2,1378072,100282,7.28,48.27
Marina,Apartment,808,2,1375521,82624,6.01,33.01
JVC,Apartment,950,2,929894,72454,7.79,41.05
Marina,Apartment,692,2,1194982,69266,5.8,37.39
Downtown,Apartment,873,2,1732744,90229,5.21,41.01
JVC,Apartment,781,2,855940,70245,8.21,49.93
Marina,Apartment,1311,3,2560396,147706,5.77,32.69
Business Bay,Apartment,841,2,1223898,76617,6.26,42.21
JVC,Townhouse,2350,4,2113304,164827,7.8,56.13
Business Bay,Apartment,1085,3,1568670,96907,6.18,37.72
Business Bay,Villa,3725,5,4914835,316857,6.45,50.33
Marina,Apartment,481,1,616185,36253,5.88,37.89
Marina,Villa,3179,4,5113237,305892,5.98,37.39
Business Bay,Villa,2714,3,3831186,263216,6.87,42.41
Marina,Townhouse,2338,4,3897636,240390,6.17,39.97
Downtown,Apartment,900,2,1525481,83347,5.46,37.68
Downtown,Apartment,560,1,959331,55546,5.79,38.02
Marina,Townhouse,2006,3,2960516,191475,6.47,34.69
Downtown,Villa,3252,4,5666074,291823,5.15,35.26
Downtown,Apartment,547,1,1006675,56218,5.58,32.45
JVC,Apartment,861,2,635782,50145,7.89,49.93
Downtown,Townhouse,1960,3,3530275,200173,5.67,46.54
JVC,Villa,2522,4,2392205,184048,7.69,48.3
JVC,Apartment,1263,3,1202878,93103,7.74,49.12
Palm Jumeirah,Apartment,557,1,1379620,59130,4.29,28.41
Marina,Apartment,718,2,1131703,66258,5.85,34.44
Business Bay,Apartment,1343,4,1870053,120952,6.47,47.22
JVC,Townhouse,1850,3,1755893,134526,7.66,45.38
Marina,Apartment,841,2,1197489,67147,5.61,47.71
Marina,Villa,2598,3,4267912,272515,6.39,29.79
JVC,Apartment,1163,3,1248712,103279,8.27,52.27
Palm Jumeirah,Apartment,870,2,1939463,82975,4.28,26.54
Downtown,Townhouse,1657,3,3027363,164796,5.44,31.35
JVC,Apartment,487,1,460970,38348,8.32,42.3
Business Bay,Apartment,1161,3,1630189,104164,6.39,33.74
JVC,Villa,5058,6,4146413,292040,7.04,49.44
Marina,Townhouse,2877,4,4585576,278494,6.07,32.76
JVC,Apartment,1306,4,1483620,115064,7.76,51.3
Downtown,Apartment,842,2,1746109,97742,5.6,44.82
Downtown,Villa,3308,4,5036052,279258,5.55,48.71
Downtown,Townhouse,2543,4,4668605,277720,5.95,42.85
Downtown,Apartment,934,2,1634380,93304,5.71,37.09
Palm Jumeirah,Apartment,597,1,1534355,72289,4.71,29.06
Marina,Apartment,432,1,616670,33259,5.39,36.46
Marina,Apartment,1345,4,1695306,103191,6.09,40.66
Marina,Apartment,783,2,1279530,75015,5.86,40.24
JVC,Villa,3254,4,3646265,285248,7.82,47.41
Palm Jumeirah,Apartment,560,1,1186896,50592,4.26,31.94
Downtown,Apartment,582,1,973149,51956,5.34,30.49
Downtown,Townhouse,2623,5,5068131,276002,5.45,34.91
Downtown,Apartment,858,2,1561887,91893,5.88,34.19
Downtown,Apartment,848,2,1510580,88151,5.84,33.79
JVC,Apartment,1144,3,939541,78665,8.37,57.35
Palm Jumeirah,Apartment,914,2,2330956,107373,4.61,29.8
JVC,Apartment,923,2,756633,61045,8.07,55.12
JVC,Apartment,497,1,418897,31936,7.62,45.32
JVC,Apartment,445,1,440211,34155,7.76,50.38
JVC,Villa,4226,5,3877551,314494,8.11,56.53
JVC,Apartment,858,2,830417,66018,7.95,45.73
Downtown,Apartment,549,1,1053422,51067,4.85,44.45
Marina,Apartment,1251,3,2223512,130700,5.88,36.31
Downtown,Townhouse,2418,4,4710088,263255,5.59,35.28
Downtown,Apartment,516,1,913593,52165,5.71,41.11
Palm Jumeirah,Townhouse,1887,3,5225161,224794,4.3,33.25
JVC,Townhouse,2648,5,2629402,221729,8.43,49.88
JVC,Apartment,447,1,335395,27100,8.08,53.45
Downtown,Apartment,496,1,914435,44784,4.9,32.81
JVC,Apartment,773,2,685834,55827,8.14,46.48
Marina,Apartment,1184,3,2079163,119743,5.76,38.41
JVC,Villa,3687,4,3586742,282052,7.86,51.82
JVC,Apartment,489,1,547069,45071,8.24,41.08
Marina,Villa,3136,4,4768943,302584,6.34,43.21
Marina,Apartment,804,2,1414536,89517,6.33,33.1
Downtown,Apartment,951,2,2028439,116267,5.73,44.47
Marina,Apartment,519,1,763799,43201,5.66,40.61
Marina,Villa,3727,4,6288311,393254,6.25,43.84
Marina,Villa,4468,5,6171183,373964,6.06,39.89
Marina,Apartment,457,1,772917,46296,5.99,31.98
Business Bay,Apartment,500,1,813867,49630,6.1,43.87
Marina,Apartment,781,2,1385156,74093,5.35,30.77
Palm Jumeirah,Apartment,543,1,1092870,49951,4.57,31.92
Downtown,Villa,2672,3,4938493,280550,5.68,38.06
JVC,Apartment,471,1,458301,39154,8.54,50.95
Marina,Apartment,808,2,1432655,88092,6.15,51.12
JVC,Apartment,932,2,922363,78281,8.49,53.71
Palm Jumeirah,Apartment,913,2,2137225,97217,4.55,31.23
Business Bay,Apartment,703,2,794604,54410,6.85,40.37
Business Bay,Townhouse,1866,3,2765991,178886,6.47,42.05
Downtown,Townhouse,2079,4,4069715,240060,5.9,32.36
Marina,Villa,2946,4,5525455,316669,5.73,39.75
Marina,Townhouse,1676,3,2456106,149003,6.07,40.72
Business Bay,Apartment,799,2,1085547,73414,6.76,40.89
Downtown,Apartment,501,1,911933,47179,5.17,34.38
Palm Jumeirah,Villa,3369,4,7593558,341608,4.5,36.41
Business Bay,Apartment,784,2,1158539,80441,6.94,37.82
Marina,Apartment,849,2,1380379,81673,5.92,46.04
JVC,Apartment,1407,3,1199683,90389,7.53,56.83
Marina,Apartment,482,1,810176,50278,6.21,36.84
Downtown,Apartment,486,1,966902,51680,5.34,38.8
Marina,Apartment,947,2,1085733,65089,6.0,39.45
JVC,Apartment,907,2,855146,63773,7.46,49.36
Marina,Apartment,1014,3,1535822,93929,6.12,44.77
Downtown,Apartment,426,1,869178,47787,5.5,38.38
JVC,Apartment,1172,3,1335842,110272,8.25,59.36
JVC,Apartment,873,2,858866,69970,8.15,50.07
JVC,Apartment,823,2,745734,60392,8.1,46.48
Downtown,Villa,3193,4,5082014,282273,5.55,39.78
Downtown,Apartment,532,1,802310,45186,5.63,32.88
Marina,Villa,4523,5,8369207,472674,5.65,34.3
Palm Jumeirah,Apartment,761,2,2031351,87772,4.32,26.85
Downtown,Apartment,436,1,687589,37261,5.42,38.45
Marina,Villa,4151,5,6331224,361015,5.7,31.28
JVC,Villa,3259,4,3451125,274815,7.96,57.6
Business Bay,Townhouse,1690,3,2506929,166287,6.63,44.95
Downtown,Townhouse,1822,3,2894588,174112,6.02,44.97
Marina,Townhouse,1930,3,3122699,196797,6.3,44.1
Marina,Apartment,782,2,1252337,75271,6.01,50.04
JVC,Apartment,447,1,468888,38056,8.12,55.37
Marina,Townhouse,2344,4,3506915,218498,6.23,38.03
Business Bay,Townhouse,2668,4,3630068,237590,6.55,37.29
JVC,Apartment,899,2,866388,70668,8.16,47.48
Marina,Apartment,466,1,800675,44989,5.62,41.44
JVC,Villa,2565,3,2827775,223960,7.92,44.45
Marina,Villa,4106,5,5929515,367255,6.19,41.07
JVC,Apartment,806,3,740992,62861,8.48,52.25
Business Bay,Apartment,637,1,865578,58318,6.74,40.43
JVC,Apartment,455,1,432047,31294,7.24,44.29
Marina,Apartment,675,2,1161067,71430,6.15,40.47
Downtown,Apartment,579,1,1015582,57706,5.68,33.76
Marina,Apartment,914,2,1182877,73312,6.2,36.97
Marina,Villa,2414,3,4198398,240068,5.72,44.38
Business Bay,Apartment,457,1,639899,41463,6.48,43.6
Business Bay,Apartment,550,1,869245,55432,6.38,42.61
Marina,Apartment,1641,4,2788518,151321,5.43,37.6
Marina,Apartment,512,1,951101,56499,5.94,35.29
Business Bay,Apartment,938,3,1244485,78619,6.32,43.98
JVC,Apartment,859,2,912375,70667,7.75,49.01
Marina,Apartment,543,1,952174,57503,6.04,39.49
Marina,Apartment,431,1,641706,33548,5.23,34.6
Palm Jumeirah,Apartment,507,1,1202141,62418,5.19,42.76
JVC,Apartment,543,1,451954,35586,7.87,48.18
Palm Jumeirah,Apartment,1118,3,3066150,144832,4.72,40.49
JVC,Townhouse,2192,4,2055293,160931,7.83,51.65
Marina,Villa,3375,4,5743547,330447,5.75,32.67
Downtown,Apartment,828,2,1346963,78561,5.83,35.85
Business Bay,Apartment,448,1,604637,40567,6.71,48.19
Marina,Apartment,455,1,750409,48023,6.4,32.69
Business Bay,Apartment,553,1,745297,51717,6.94,51.16
Business Bay,Villa,4947,6,6304407,427514,6.78,47.96
JVC,Apartment,811,2,831241,62208,7.48,46.7
Downtown,Apartment,1032,2,2024438,116741,5.77,41.19
Marina,Apartment,1200,3,2156836,135768,6.29,34.47
Downtown,Townhouse,2196,3,4428880,228253,5.15,39.7
Downtown,Villa,2560,3,5185547,296469,5.72,43.43
Marina,Apartment,1257,3,1998018,113082,5.66,37.54
Downtown,Townhouse,1681,3,2956194,154953,5.24,41.8
JVC,Apartment,802,2,907991,65112,7.17,41.1
Downtown,Apartment,1246,3,1745857,90270,5.17,40.29
Downtown,Townhouse,2727,4,5385768,297462,5.52,35.94
JVC,Apartment,494,1,522273,40408,7.74,48.44
Marina,Villa,2761,4,4443486,257185,5.79,41.55
Marina,Apartment,536,1,749217,47309,6.31,44.01
Downtown,Apartment,502,1,930921,49778,5.35,36.85
JVC,Townhouse,2210,5,2662128,214624,8.06,52.3
Marina,Apartment,376,1,501346,27334,5.45,42.5
Marina,Apartment,1051,3,1893724,117776,6.22,43.79
Palm Jumeirah,Villa,3907,5,9798200,435248,4.44,24.14
JVC,Apartment,892,2,741400,58806,7.93,45.6
JVC,Apartment,1547,4,1268900,98140,7.73,39.14
Business Bay,Apartment,1240,3,1690260,103183,6.1,34.92
JVC,Townhouse,1969,3,1892487,141782,7.49,45.26
Downtown,Apartment,1203,3,2515108,138188,5.49,38.92
Marina,Apartment,784,2,1366584,88506,6.48,45.64
Business Bay,Villa,3410,4,5480217,338517,6.18,41.57
Marina,Apartment,504,1,772692,47501,6.15,40.94
JVC,Apartment,695,2,646167,48095,7.44,55.74
Marina,Apartment,515,1,835760,52167,6.24,38.21
Marina,Apartment,551,1,926565,56284,6.07,40.76
JVC,Townhouse,2317,4,2079834,168439,8.1,45.52
JVC,Apartment,498,1,428073,34016,7.95,52.33
Downtown,Villa,3798,5,5704915,308669,5.41,32.37
Marina,Apartment,826,2,1320885,79845,6.04,40.71
Business Bay,Apartment,526,1,767814,50009,6.51,49.73
Marina,Villa,3816,5,5703420,332382,5.83,41.82
Marina,Townhouse,1723,3,3049392,184716,6.06,46.28
Business Bay,Townhouse,1777,3,2436073,164255,6.74,45.34
JVC,Apartment,498,1,410642,33047,8.05,46.05
JVC,Apartment,873,2,692047,55109,7.96,49.9
JVC,Villa,2972,4,2808032,211738,7.54,48.98
Downtown,Apartment,739,2,1084246,59261,5.47,37.41
Marina,Villa,2615,3,4278792,246619,5.76,31.85
JVC,Villa,4719,6,4820120,367910,7.63,56.82
JVC,Apartment,488,1,558899,42721,7.64,40.61
Business Bay,Villa,3190,4,4239283,277612,6.55,46.6
JVC,Apartment,505,1,575403,47699,8.29,51.75
Downtown,Villa,4219,5,7209672,386343,5.36,30.8
JVC,Villa,2398,3,1787666,152457,8.53,53.49
Marina,Villa,4841,5,8137850,462489,5.68,37.13
JVC,Apartment,907,2,883056,67831,7.68,49.25
Downtown,Villa,4498,5,8086604,431424,5.34,28.88
Business Bay,Villa,3935,5,5959351,376763,6.32,38.24
Downtown,Apartment,479,1,799136,40376,5.05,45.38
Downtown,Villa,3786,5,7612380,404897,5.32,38.91
Marina,Apartment,1039,3,1783975,113946,6.39,54.88
JVC,Apartment,1333,3,1187806,97921,8.24,40.82
Marina,Villa,3638,4,6171286,400247,6.49,44.51
JVC,Apartment,1271,3,1052424,81302,7.73,55.59
Downtown,Apartment,1209,3,2342398,133317,5.69,39.85
Marina,Apartment,874,2,1434656,82543,5.75,37.92
Downtown,Apartment,486,1,983493,51914,5.28,37.34
Downtown,Apartment,1522,4,3115476,162916,5.23,33.89
JVC,Townhouse,1995,3,2037114,164585,8.08,50.35
JVC,Apartment,1300,4,1209837,88000,7.27,49.05
Marina,Apartment,871,2,1561286,90062,5.77,36.35
Marina,Apartment,886,2,1375819,79475,5.78,37.23
Business Bay,Apartment,414,1,548260,35049,6.39,50.34
Palm Jumeirah,Apartment,531,1,851993,40518,4.76,29.22
Business Bay,Townhouse,2338,4,3654476,231132,6.32,46.1
Downtown,Apartment,796,2,1391883,73912,5.31,36.76
Marina,Apartment,965,2,1498476,87710,5.85,47.21
Downtown,Apartment,840,2,1731078,93488,5.4,34.48
Business Bay,Villa,5154,5,5593061,374614,6.7,40.7
Marina,Apartment,908,2,1431413,85991,6.01,35.62
Business Bay,Townhouse,2043,3,2427803,147307,6.07,29.45
JVC,Apartment,554,1,472719,38680,8.18,49.66
JVC,Apartment,972,3,1003172,75487,7.52,45.64
JVC,Townhouse,2347,4,2178072,182163,8.36,49.78
Downtown,Apartment,461,1,904052,47959,5.3,39.75
Downtown,Apartment,1082,3,1871174,87111,4.66,37.17
Business Bay,Townhouse,1973,3,2757351,172316,6.25,32.38
Marina,Apartment,434,1,749993,45941,6.13,42.43
JVC,Apartment,1456,4,1364455,104513,7.66,45.59
Downtown,Townhouse,2456,4,4360698,263813,6.05,45.95
Marina,Apartment,932,2,1701648,98889,5.81,37.67
Downtown,Apartment,962,3,1685902,92667,5.5,45.42
Downtown,Villa,3966,5,7227974,427660,5.92,41.49
Marina,Apartment,885,3,1234239,76348,6.19,30.28
JVC,Villa,3731,6,4009756,322932,8.05,52.41
Downtown,Apartment,1368,3,2166169,110732,5.11,34.88
JVC,Apartment,663,2,769598,63732,8.28,54.07
JVC,Apartment,536,1,540090,43845,8.12,52.04
Downtown,Apartment,830,2,1474056,81622,5.54,41.33
JVC,Townhouse,1724,3,1743444,142555,8.18,48.8
JVC,Apartment,462,1,432093,35869,8.3,48.43
Downtown,Apartment,817,2,1551077,84372,5.44,33.97
JVC,Apartment,1180,3,1476043,111850,7.58,46.12
JVC,Apartment,736,2,893741,69675,7.8,52.63
Downtown,Apartment,808,2,1647927,86227,5.23,38.2
Business Bay,Apartment,939,2,1310779,88484,6.75,44.0
JVC,Apartment,468,1,503791,40366,8.01,53.51
JVC,Villa,2392,3,2415067,181444,7.51,47.52
Marina,Apartment,793,2,1293674,72388,5.6,38.06
JVC,Apartment,778,2,873397,68537,7.85,56.77
JVC,Apartment,559,1,645458,50208,7.78,47.62
Marina,Townhouse,2221,4,3240505,205710,6.35,43.34
Marina,Apartment,1213,3,2030897,120707,5.94,39.2
Marina,Apartment,1394,3,2093089,124524,5.95,43.59
Marina,Apartment,1279,3,2408169,151993,6.31,42.02
Downtown,Apartment,453,1,719151,39385,5.48,38.25
JVC,Apartment,585,1,580082,47167,8.13,55.42
JVC,Apartment,1242,3,1183777,95671,8.08,49.85
JVC,Villa,3987,4,3586004,282006,7.86,50.48
Palm Jumeirah,Villa,3324,4,9407764,382500,4.07,28.34
JVC,Villa,3777,4,4132369,327678,7.93,50.06
Business Bay,Apartment,494,1,580381,37206,6.41,46.42
JVC,Apartment,850,2,724856,56574,7.8,41.84
JVC,Villa,3353,4,3603950,288871,8.02,38.14
JVC,Apartment,737,2,739371,59680,8.07,57.08
Marina,Villa,4827,6,8116073,488342,6.02,34.48
Marina,Townhouse,1698,3,2311505,147394,6.38,39.39
JVC,Apartment,440,1,442282,37468,8.47,62.37
JVC,Townhouse,2688,5,2487724,197973,7.96,52.85
Marina,Apartment,399,1,673487,45160,6.71,40.77
Business Bay,Apartment,857,2,1075980,72934,6.78,45.88
Marina,Villa,4010,5,6663797,394129,5.91,42.78
JVC,Apartment,478,1,560678,43133,7.69,45.45
JVC,Apartment,1161,3,882217,65749,7.45,41.73
Palm Jumeirah,Apartment,551,1,1351614,59076,4.37,30.45
JVC,Apartment,744,2,782992,72316,9.24,57.58
Downtown,Townhouse,2211,4,4061605,223188,5.5,32.59
Marina,Townhouse,1391,3,2179782,124883,5.73,40.34
Downtown,Apartment,1137,3,2222700,122428,5.51,40.12
Downtown,Apartment,463,1,999037,50666,5.07,49.53
JVC,Apartment,534,1,490158,39816,8.12,44.1
Marina,Villa,3829,6,6294958,393733,6.25,34.9
JVC,Townhouse,1780,3,2126609,155266,7.3,46.98
JVC,Apartment,835,2,872435,69778,8.0,47.02
JVC,Apartment,875,2,854247,66937,7.84,58.27
JVC,Villa,3258,4,2496918,186859,7.48,49.06
Business Bay,Apartment,868,2,1113686,63575,5.71,41.96
JVC,Apartment,1005,2,1066100,82519,7.74,47.3
Palm Jumeirah,Apartment,840,2,2109057,95669,4.54,39.49
Downtown,Apartment,515,1,990050,56284,5.68,47.28
Downtown,Apartment,517,1,820701,41767,5.09,24.83
Downtown,Villa,2683,4,5030602,264365,5.26,39.41
JVC,Apartment,660,2,626752,49385,7.88,46.24
JVC,Apartment,431,1,423520,33612,7.94,50.77
Marina,Apartment,468,1,764763,46712,6.11,35.99
Downtown,Villa,3558,4,5593344,309116,5.53,32.55
Downtown,Apartment,724,2,1521768,80611,5.3,32.32
JVC,Apartment,1033,3,883616,74579,8.44,50.3
JVC,Apartment,501,1,556672,44377,7.97,37.25
JVC,Apartment,961,3,896351,71049,7.93,44.14
JVC,Apartment,892,2,885245,75272,8.5,54.55
Marina,Apartment,554,1,905670,53257,5.88,41.83
JVC,Apartment,1277,3,1287767,93994,7.3,42.19
JVC,Townhouse,2358,4,2146748,166874,7.77,53.1
Marina,Villa,2525,3,3106023,201954,6.5,44.72
Downtown,Apartment,1027,2,1980352,107014,5.4,36.01
Marina,Apartment,891,2,1545990,89971,5.82,44.93
Downtown,Apartment,506,1,852958,48561,5.69,35.83
JVC,Townhouse,1719,3,2072995,159102,7.67,58.9
Marina,Apartment,901,2,1556669,89806,5.77,40.48
JVC,Apartment,1282,3,1006129,82289,8.18,47.7
Marina,Apartment,888,2,1454779,91709,6.3,47.58
Downtown,Apartment,599,1,1121627,66595,5.94,36.84
JVC,Apartment,524,1,564496,47279,8.38,45.76
Marina,Apartment,1338,3,1880624,115477,6.14,34.85
Downtown,Apartment,428,1,726160,36129,4.98,32.14
JVC,Townhouse,1835,3,2036813,166847,8.19,46.65
JVC,Apartment,1308,3,1291022,102892,7.97,58.14
JVC,Apartment,1500,4,1518242,127966,8.43,44.61
Marina,Apartment,790,2,1023521,59188,5.78,36.35
JVC,Apartment,543,1,451068,37565,8.33,55.73
JVC,Apartment,819,2,828808,70600,8.52,55.42
JVC,Apartment,568,1,626884,49240,7.85,53.55
JVC,Apartment,1411,3,1805295,155532,8.62,55.48
Palm Jumeirah,Apartment,502,1,1346917,59504,4.42,44.03
Marina,Villa,3638,5,5185190,305802,5.9,42.16
JVC,Townhouse,2692,4,2485128,186102,7.49,42.97
Palm Jumeirah,Villa,3917,5,9654733,435658,4.51,30.18
JVC,Apartment,1188,3,1149002,90493,7.88,41.64
Marina,Townhouse,1775,3,3060380,183932,6.01,41.57
Business Bay,Apartment,836,2,1068653,69713,6.52,46.31
JVC,Apartment,535,1,547516,45169,8.25,45.74
Marina,Apartment,455,1,805786,53998,6.7,39.2
Marina,Villa,2985,4,4992836,288158,5.77,40.78
Downtown,Apartment,896,2,1558897,85248,5.47,38.08
JVC,Apartment,547,1,617130,45811,7.42,51.25
Downtown,Apartment,1008,2,1822216,96202,5.28,30.66
Downtown,Apartment,501,1,904522,42703,4.72,39.4
Marina,Villa,2495,3,4266249,263535,6.18,39.79
Marina,Apartment,819,2,1122819,71716,6.39,46.26
Marina,Townhouse,1660,3,2425983,150832,6.22,43.33
Downtown,Apartment,425,1,737764,37176,5.04,35.74
Business Bay,Townhouse,2012,4,2385386,167294,7.01,42.01
JVC,Villa,5248,6,4239560,316387,7.46,45.34
Business Bay,Apartment,985,2,1500308,102221,6.81,42.54
JVC,Apartment,565,1,557586,47111,8.45,54.18
JVC,Apartment,554,1,494502,38227,7.73,53.44
JVC,Apartment,806,2,776193,57514,7.41,52.16
Palm Jumeirah,Apartment,614,1,1823422,77286,4.24,39.1
JVC,Apartment,607,1,494811,38587,7.8,51.8
Downtown,Apartment,851,2,1348556,73185,5.43,43.99
JVC,Villa,3402,5,3380201,273025,8.08,55.21
Marina,Apartment,1234,3,1904072,113193,5.94,27.28
Business Bay,Apartment,917,2,1140534,80684,7.07,40.05
JVC,Apartment,469,1,493138,40511,8.21,54.29
JVC,Apartment,501,1,448407,32637,7.28,51.86
JVC,Apartment,764,2,739368,63338,8.57,56.7
Business Bay,Apartment,1573,4,2061726,147648,7.16,47.6
Business Bay,Apartment,481,1,724681,46887,6.47,36.94
JVC,Apartment,496,1,473483,35909,7.58,50.03
Business Bay,Apartment,505,1,721098,49027,6.8,49.09
Marina,Apartment,822,2,1124946,69756,6.2,44.33
JVC,Villa,3611,5,3856862,294214,7.63,42.47
Marina,Apartment,544,1,862086,52518,6.09,37.71
JVC,Apartment,966,3,1060869,81430,7.68,52.66
JVC,Apartment,1448,3,1334929,110482,8.28,45.95
JVC,Apartment,931,2,921489,78265,8.49,52.43
Business Bay,Apartment,559,1,756733,49529,6.55,34.99
Business Bay,Apartment,812,2,1104433,71376,6.46,42.73
Downtown,Villa,3157,4,6710685,374615,5.58,35.03
Marina,Villa,2464,3,3877452,233016,6.01,40.43
Business Bay,Apartment,494,1,582347,41809,7.18,50.01
Downtown,Townhouse,1426,3,2506618,152655,6.09,32.73
Downtown,Apartment,927,2,1753441,99449,5.67,31.23
JVC,Apartment,780,2,746924,58980,7.9,48.54
JVC,Apartment,1875,4,1615497,129428,8.01,52.22
Business Bay,Apartment,602,1,722638,45761,6.33,41.03
Business Bay,Apartment,585,1,816134,53042,6.5,50.34
Downtown,Townhouse,1934,4,3250270,170695,5.25,40.3
Marina,Apartment,456,1,751323,42169,5.61,42.68
Marina,Apartment,1156,3,1943069,119623,6.16,47.47
Palm Jumeirah,Apartment,837,2,1958564,88332,4.51,35.22
Downtown,Apartment,740,2,1530295,86234,5.64,37.03
Downtown,Apartment,898,2,1478371,75549,5.11,27.21
JVC,Townhouse,1686,3,1245202,92236,7.41,40.34
Marina,Apartment,893,2,1358895,81274,5.98,46.98
Downtown,Apartment,539,1,883413,46726,5.29,34.14
Marina,Townhouse,2507,4,3881062,213830,5.51,32.35
Marina,Apartment,440,1,775701,44917,5.79,39.57
Marina,Apartment,1381,3,1960284,114299,5.83,37.3
Marina,Apartment,526,1,786563,47282,6.01,38.48
Downtown,Apartment,753,2,1215922,68926,5.67,40.27
Marina,Apartment,1283,3,1636795,93856,5.73,37.01
JVC,Apartment,570,1,557352,42687,7.66,49.25
JVC,Villa,3679,5,3819645,320808,8.4,57.9
Marina,Apartment,444,1,758539,47329,6.24,42.08
JVC,Townhouse,3098,5,3018354,256784,8.51,54.99
Marina,Apartment,960,2,1294680,73647,5.69,44.9
Marina,Apartment,993,2,1613109,83704,5.19,37.64
Downtown,Apartment,544,1,809937,44106,5.45,43.06
Marina,Apartment,899,2,1504922,97250,6.46,48.59
Marina,Villa,4460,5,6412380,374567,5.84,36.75
Downtown,Apartment,701,2,1239699,68464,5.52,35.77
Downtown,Apartment,1273,3,2390636,124241,5.2,35.91
JVC,Apartment,840,2,934314,77306,8.27,58.38
Business Bay,Apartment,909,2,1265296,69951,5.53,32.19
JVC,Villa,3256,4,2826012,250305,8.86,51.94
Business Bay,Apartment,1034,3,1479903,90657,6.13,35.81
JVC,Apartment,485,1,497503,39263,7.89,41.74
JVC,Villa,3470,4,3910368,281010,7.19,39.72
JVC,Apartment,474,1,445926,32525,7.29,55.17
JVC,Apartment,811,2,864884,70738,8.18,50.85
Downtown,Apartment,460,1,846015,48116,5.69,43.25
JVC,Apartment,1199,3,1271951,102448,8.05,53.8
JVC,Apartment,381,1,388419,31641,8.15,50.53
Downtown,Apartment,575,1,1078883,60029,5.56,32.14
Downtown,Apartment,480,1,798677,42257,5.29,34.49
Marina,Apartment,484,1,651214,39140,6.01,39.47
Downtown,Apartment,451,1,957980,54145,5.65,33.58
JVC,Villa,2664,3,2953811,240401,8.14,47.27
Downtown,Townhouse,1571,3,3263289,178481,5.47,38.84
Palm Jumeirah,Townhouse,1726,3,3631381,148100,4.08,31.31
Marina,Apartment,437,1,684678,41873,6.12,44.09
Marina,Apartment,862,2,1367865,82719,6.05,41.78
JVC,Apartment,794,2,750818,59118,7.87,50.71
JVC,Townhouse,1574,3,1608145,123958,7.71,39.66
Downtown,Apartment,1623,4,2716616,147637,5.43,39.51
Marina,Apartment,754,2,1348491,80583,5.98,43.88
Business Bay,Apartment,828,2,1025374,65271,6.37,41.99
Downtown,Villa,4399,5,8109796,446943,5.51,35.84
JVC,Apartment,552,1,547941,47659,8.7,57.79
Business Bay,Apartment,570,1,803942,48645,6.05,32.45
Marina,Townhouse,1611,3,3039176,197681,6.5,38.1
Marina,Apartment,817,2,1357831,82653,6.09,44.13
Business Bay,Apartment,704,2,947662,56768,5.99,32.49
Downtown,Apartment,1224,3,2095003,112417,5.37,31.7
Marina,Apartment,827,2,1372449,74352,5.42,25.16
Business Bay,Villa,3599,4,5264591,342158,6.5,42.44
Business Bay,Villa,2599,4,3789218,272598,7.19,47.38
Downtown,Villa,4031,5,6394015,381172,5.96,35.69
Marina,Apartment,1298,3,2044113,130017,6.36,41.85
Marina,Apartment,478,1,820355,51973,6.34,47.67
Marina,Apartment,925,2,1391109,82631,5.94,46.7
JVC,Apartment,1003,3,948216,76853,8.11,42.0
Downtown,Apartment,454,1,874940,47217,5.4,30.46
Marina,Apartment,584,1,717809,42058,5.86,37.28
Business Bay,Apartment,849,2,1125044,80411,7.15,54.91
JVC,Apartment,499,1,443353,33936,7.65,46.16
JVC,Apartment,519,1,458195,38356,8.37,43.0
Downtown,Apartment,484,1,759379,39159,5.16,39.97
Marina,Apartment,857,2,1437884,97186,6.76,38.83
Business Bay,Villa,3040,4,3885103,273912,7.05,45.41
JVC,Apartment,797,2,869108,66657,7.67,57.58
Business Bay,Villa,3531,4,5118242,299683,5.86,39.05
JVC,Apartment,520,1,555148,41414,7.46,45.02
Downtown,Apartment,456,1,892008,43668,4.9,30.07
Palm Jumeirah,Apartment,509,1,1168841,48715,4.17,39.87
Downtown,Apartment,748,2,1349792,75094,5.56,33.62
Marina,Apartment,463,1,658816,39447,5.99,32.57
Marina,Apartment,898,2,1523492,90191,5.92,34.7
Marina,Apartment,394,1,715752,41471,5.79,44.79
Marina,Villa,3562,4,6786711,397114,5.85,22.52
JVC,Apartment,886,2,823153,59160,7.19,39.33
Marina,Apartment,579,1,914054,54473,5.96,31.32
Palm Jumeirah,Apartment,1373,3,3276054,144255,4.4,25.51
Business Bay,Apartment,907,2,1479857,101038,6.83,34.8
Downtown,Apartment,1492,4,2876186,147651,5.13,41.52
Downtown,Apartment,579,1,976237,55547,5.69,38.54
Marina,Apartment,944,2,1546958,95132,6.15,39.04
Marina,Villa,4530,6,8658081,507024,5.86,39.13
JVC,Apartment,595,1,664931,56782,8.54,52.82
Business Bay,Apartment,464,1,760801,54246,7.13,49.91
Downtown,Townhouse,1750,3,2938676,151491,5.16,33.0
JVC,Apartment,549,1,517976,43744,8.45,56.92
JVC,Apartment,538,1,510054,40793,8.0,51.98
Marina,Apartment,462,1,750179,44649,5.95,42.4
Business Bay,Villa,4759,5,7564741,524814,6.94,51.91
JVC,Townhouse,2400,4,2478853,220557,8.9,40.86
Business Bay,Apartment,802,2,1127411,77449,6.87,46.35
Marina,Apartment,845,2,1386598,80651,5.82,36.55
JVC,Apartment,716,2,649631,46030,7.09,41.52
Business Bay,Townhouse,1863,3,2727912,162865,5.97,42.63
Business Bay,Apartment,741,2,918916,62619,6.81,46.07
JVC,Villa,2380,4,2642276,211699,8.01,48.77
JVC,Apartment,789,2,798786,64657,8.09,45.78
Downtown,Apartment,686,2,1310462,75229,5.74,45.41
Downtown,Villa,4428,5,9612803,543474,5.65,37.49
Business Bay,Apartment,470,1,585300,34478,5.89,38.38
JVC,Apartment,1558,4,1693055,132214,7.81,57.43
JVC,Apartment,496,1,632006,46358,7.34,49.77
Downtown,Apartment,488,1,868984,48039,5.53,36.15
Downtown,Villa,3357,4,4876603,282918,5.8,28.94
Marina,Townhouse,2036,3,2949308,186348,6.32,39.42
JVC,Villa,2618,3,2800776,218853,7.81,47.18
Downtown,Townhouse,1713,3,3071417,180264,5.87,29.68
Palm Jumeirah,Apartment,1132,3,2847674,132785,4.66,24.45
Palm Jumeirah,Villa,3084,4,7240344,317214,4.38,38.67
JVC,Apartment,474,1,475181,37122,7.81,56.72
JVC,Apartment,908,2,975674,74632,7.65,51.55
Downtown,Apartment,461,1,926438,50221,5.42,31.95
Palm Jumeirah,Apartment,786,2,1944423,95802,4.93,34.07
JVC,Villa,3691,4,2993306,231820,7.74,54.03
JVC,Apartment,515,1,497209,41228,8.29,46.8
Business Bay,Apartment,681,2,911920,66466,7.29,43.57
Palm Jumeirah,Townhouse,2281,4,6268178,292609,4.67,34.83
Downtown,Townhouse,2083,3,4034855,223487,5.54,46.06
Downtown,Villa,2880,4,5784160,355785,6.15,38.87
Downtown,Apartment,1819,4,3303300,165600,5.01,29.63
Downtown,Apartment,832,2,1966036,108066,5.5,31.88
Marina,Apartment,1396,3,2475812,154555,6.24,40.24
JVC,Villa,3215,4,3304410,252019,7.63,43.15
Downtown,Villa,2452,3,4259630,227008,5.33,33.17
JVC,Apartment,404,1,344679,28037,8.13,46.99
JVC,Villa,4279,5,4450739,360416,8.1,48.41
Palm Jumeirah,Apartment,842,2,2244085,98033,4.37,44.1
Business Bay,Apartment,936,2,1396909,94583,6.77,44.7
Business Bay,Apartment,924,2,1304154,85545,6.56,38.63
JVC,Apartment,1180,3,1264187,99828,7.9,53.83
JVC,Apartment,495,1,534050,41068,7.69,55.29
Marina,Apartment,757,2,1363619,86275,6.33,47.0
JVC,Apartment,845,3,791232,61317,7.75,43.86
Marina,Apartment,551,1,816658,46188,5.66,34.43
Marina,Villa,2614,3,2909072,183460,6.31,48.71
Business Bay,Apartment,463,1,619987,38268,6.17,35.28
JVC,Apartment,453,1,509989,41524,8.14,41.66
Marina,Apartment,857,2,1395990,86700,6.21,48.41
Business Bay,Apartment,647,1,971653,70639,7.27,53.33
Business Bay,Townhouse,2237,4,2987270,205926,6.89,44.38
JVC,Villa,2712,3,2466110,192837,7.82,44.01
Downtown,Apartment,923,2,1319122,77812,5.9,33.14
JVC,Apartment,1056,3,1262401,97156,7.7,51.8
Downtown,Villa,3961,5,8217297,434196,5.28,43.91
Marina,Apartment,1489,4,1927574,118375,6.14,50.57
Business Bay,Villa,2593,3,3958287,268170,6.77,42.16
Marina,Apartment,823,2,1358411,83294,6.13,44.82
JVC,Villa,3095,4,2822707,262809,9.31,59.25
Business Bay,Villa,3092,4,4577369,295894,6.46,41.4
JVC,Apartment,1280,3,1060969,87551,8.25,40.05
Business Bay,Townhouse,2211,3,2550740,172281,6.75,39.21
Downtown,Apartment,455,1,570954,32208,5.64,29.37
Downtown,Apartment,867,2,1317930,72630,5.51,30.44
Marina,Apartment,843,2,1215517,73511,6.05,36.76
Downtown,Apartment,857,2,1665643,83454,5.01,42.57
Business Bay,Villa,3224,4,5041382,334257,6.63,45.19
Marina,Villa,2951,4,4226555,242058,5.73,42.43
Marina,Villa,2436,3,3751091,219815,5.86,27.67
Marina,Townhouse,2028,4,2871635,190486,6.63,38.86
Marina,Apartment,1117,3,1537006,93918,6.11,44.74
Downtown,Apartment,495,1,1045663,51054,4.88,35.39
JVC,Apartment,1156,3,1228779,102366,8.33,44.09
Business Bay,Villa,3991,5,5155614,325017,6.3,41.53
Downtown,Apartment,814,2,994195,56204,5.65,37.82
Marina,Apartment,914,2,1477064,85666,5.8,27.79
Marina,Apartment,507,1,713685,41104,5.76,39.1
JVC,Apartment,589,1,574573,40498,7.05,48.59
Downtown,Apartment,1134,3,2087229,120408,5.77,38.35
Marina,Townhouse,3084,5,4736066,263062,5.55,27.52
JVC,Villa,2187,3,2268806,169838,7.49,40.92
JVC,Apartment,530,1,528375,43950,8.32,58.34
JVC,Villa,2982,3,2996086,253874,8.47,53.91
Marina,Apartment,720,2,1019502,63785,6.26,42.6
JVC,Villa,3253,4,3082835,262044,8.5,47.83
JVC,Apartment,518,1,428972,33702,7.86,43.16
Downtown,Villa,3424,4,5801480,295317,5.09,32.21
Downtown,Apartment,471,1,728051,42423,5.83,42.47
Business Bay,Apartment,544,1,842932,55806,6.62,41.94
Marina,Townhouse,2391,4,3890806,223567,5.75,41.77
Downtown,Apartment,466,1,959695,55294,5.76,30.34
Business Bay,Apartment,524,1,671653,44324,6.6,39.34
Downtown,Apartment,1194,3,2077267,114167,5.5,35.39
JVC,Apartment,575,1,513125,41384,8.07,57.8
JVC,Apartment,475,1,443600,35681,8.04,42.52
JVC,Townhouse,1998,3,2096628,154259,7.36,48.76
Downtown,Apartment,535,1,870652,47327,5.44,44.56
JVC,Apartment,571,1,467234,33513,7.17,46.31
JVC,Apartment,510,1,577219,42101,7.29,44.44
Downtown,Apartment,1192,3,2249929,130450,5.8,37.32
Downtown,Apartment,510,1,1073549,60731,5.66,41.43
Marina,Villa,3677,5,5599698,335913,6.0,39.79
Downtown,Apartment,478,1,916017,50106,5.47,29.62
JVC,Apartment,526,1,484216,38320,7.91,57.28
JVC,Villa,2359,3,2235189,177008,7.92,57.86
JVC,Villa,4522,5,3885727,317773,8.18,55.14
Downtown,Apartment,833,2,1582052,86924,5.49,32.58
JVC,Apartment,516,1,447760,35377,7.9,51.17
JVC,Villa,5169,6,4828037,366604,7.59,45.44
Downtown,Villa,3354,4,6045713,359734,5.95,32.59
Downtown,Apartment,855,2,1650256,89723,5.44,37.93
Marina,Apartment,505,1,674101,45927,6.81,46.66
Business Bay,Apartment,820,2,1116402,74894,6.71,52.96
JVC,Villa,4108,5,4239209,352872,8.32,48.0
Palm Jumeirah,Apartment,666,2,1561275,74825,4.79,26.96
JVC,Apartment,573,1,571657,51675,9.04,46.58
JVC,Apartment,919,2,835939,68020,8.14,52.17
Palm Jumeirah,Apartment,830,2,1881395,83028,4.41,37.14
JVC,Apartment,941,2,961782,73774,7.67,48.17
JVC,Apartment,503,1,563813,42081,7.46,45.72
Business Bay,Apartment,413,1,586522,38985,6.65,36.62
Marina,Apartment,521,1,977982,63488,6.49,32.85
Downtown,Townhouse,1929,3,3584644,192002,5.36,39.3
Downtown,Villa,2649,3,5176557,277675,5.36,38.24
JVC,Apartment,1078,3,1038480,86480,8.33,52.21
Downtown,Villa,2660,3,4659448,259059,5.56,33.68
JVC,Townhouse,1497,3,1422590,115399,8.11,55.49
JVC,Apartment,467,1,452197,39797,8.8,52.47
Business Bay,Villa,4280,6,6573113,409916,6.24,35.27
Downtown,Apartment,1024,2,1871554,95646,5.11,32.34
Marina,Apartment,914,2,1635708,100490,6.14,33.49
JVC,Apartment,1090,2,1051448,81624,7.76,50.45
JVC,Apartment,495,1,461424,36796,7.97,43.06
Business Bay,Townhouse,2569,4,3001576,200804,6.69,42.11
Business Bay,Apartment,489,1,776041,49605,6.39,31.91
Business Bay,Apartment,1039,3,1384199,83279,6.02,34.46
Marina,Apartment,956,2,1635808,100337,6.13,42.17
JVC,Townhouse,1739,3,1739570,137254,7.89,47.16
Marina,Apartment,1236,3,2129553,129684,6.09,44.16
Downtown,Villa,3000,4,5478401,306038,5.59,30.51
JVC,Apartment,545,1,540598,44740,8.28,38.9
JVC,Apartment,682,2,702026,52107,7.42,49.34
Marina,Apartment,851,2,1588729,97749,6.15,46.53
Downtown,Townhouse,1751,3,2714285,159377,5.87,49.86
JVC,Apartment,575,1,620224,53318,8.6,50.57
Marina,Apartment,551,1,848884,49902,5.88,45.06
JVC,Villa,3360,4,3375602,287113,8.51,47.48
Marina,Apartment,771,2,1171473,70032,5.98,49.34
Marina,Apartment,460,1,752426,46182,6.14,39.22
JVC,Apartment,1345,3,1341840,116144,8.66,57.82
Palm Jumeirah,Apartment,802,2,1996718,93753,4.7,43.12
JVC,Apartment,835,2,895053,76179,8.51,55.41
JVC,Apartment,1306,3,1274420,97868,7.68,43.66
Marina,Villa,3058,4,4530818,300678,6.64,48.07
JVC,Apartment,1173,3,1055328,84317,7.99,39.14
JVC,Apartment,418,1,422215,33076,7.83,56.68
JVC,Villa,3141,5,2947947,253340,8.59,46.4
JVC,Villa,4017,5,3943430,292730,7.42,51.85
Marina,Villa,3358,4,5561048,321672,5.78,42.08
Marina,Apartment,445,1,629550,36972,5.87,36.92
JVC,Apartment,511,1,514379,39547,7.69,46.72
JVC,Townhouse,1954,4,2148887,164334,7.65,48.69
JVC,Villa,5787,6,6018107,467066,7.76,51.64
Downtown,Apartment,495,1,993968,55649,5.6,44.66
JVC,Apartment,1242,3,1027900,81709,7.95,42.32
Downtown,Apartment,1618,4,2761107,143884,5.21,40.29
Marina,Apartment,1203,3,1892407,119679,6.32,41.64
Marina,Apartment,887,2,1442862,76200,5.28,33.01
Downtown,Apartment,517,1,927429,56933,6.14,38.84
Business Bay,Apartment,700,2,856453,53195,6.21,40.26
JVC,Apartment,834,2,1003470,78572,7.83,48.49
Business Bay,Townhouse,2502,4,3171482,204268,6.44,43.61
Business Bay,Apartment,1565,4,2144868,126782,5.91,52.71
Marina,Villa,2095,3,3469254,201597,5.81,35.38
Downtown,Apartment,883,2,1697862,89521,5.27,37.17
JVC,Apartment,807,2,684449,57291,8.37,49.92
Marina,Apartment,527,1,868104,50760,5.85,25.26
Business Bay,Apartment,998,2,1498769,93751,6.26,40.71
JVC,Apartment,543,1,560579,47450,8.46,50.14
Downtown,Apartment,914,2,1604248,73933,4.61,34.53
Palm Jumeirah,Apartment,568,1,1428249,66463,4.65,36.54
JVC,Apartment,1191,3,1202357,96706,8.04,55.21
JVC,Apartment,501,1,586444,47008,8.02,61.12
JVC,Apartment,480,1,458635,37814,8.24,43.43
JVC,Apartment,791,2,850670,69074,8.12,49.88
Business Bay,Apartment,574,1,639372,41100,6.43,35.48
JVC,Apartment,809,2,883789,69800,7.9,50.73
Marina,Apartment,829,2,1423979,85466,6.0,30.77
JVC,Apartment,899,2,938511,72258,7.7,56.18
JVC,Apartment,1523,4,1726923,133283,7.72,41.84
Marina,Apartment,888,2,1425335,80832,5.67,28.91
Downtown,Villa,3670,4,6757629,365664,5.41,38.4
JVC,Apartment,499,1,466750,34938,7.49,43.69
JVC,Villa,2812,4,3110231,242198,7.79,46.99
JVC,Apartment,709,2,762028,64092,8.41,48.9
Downtown,Apartment,764,2,1506358,83477,5.54,32.59
Downtown,Apartment,1052,2,1872614,111577,5.96,41.33
JVC,Apartment,834,2,920218,78968,8.58,50.51
JVC,Apartment,1215,3,1143546,83070,7.26,42.4
Marina,Apartment,870,2,1274387,79766,6.26,45.14
Business Bay,Apartment,1486,4,2234398,143599,6.43,36.19
Downtown,Apartment,855,2,1796168,97998,5.46,36.06
Marina,Villa,4406,5,6968674,454950,6.53,48.76
Business Bay,Apartment,507,1,698248,45584,6.53,42.56
JVC,Apartment,805,2,787449,63229,8.03,50.63
Marina,Villa,3482,5,5261097,322433,6.13,44.5
JVC,Apartment,430,1,425412,35082,8.25,45.66
Business Bay,Apartment,543,1,788204,52689,6.68,45.34
JVC,Villa,2208,3,1855169,154209,8.31,51.66
Business Bay,Apartment,431,1,548374,37087,6.76,44.97
Palm Jumeirah,Apartment,1025,3,2594942,132266,5.1,41.43
JVC,Apartment,519,1,513705,44331,8.63,51.42
JVC,Apartment,844,2,926657,75775,8.18,51.8
Business Bay,Villa,3506,4,4825801,334887,6.94,32.87
Downtown,Apartment,1030,2,1608572,92085,5.72,33.54
Marina,Townhouse,1701,3,2582801,157193,6.09,45.15
Marina,Apartment,813,2,1516988,89197,5.88,30.22
Marina,Villa,3204,4,5205017,314762,6.05,41.21
Palm Jumeirah,Apartment,752,2,1793548,75750,4.22,30.07
Palm Jumeirah,Apartment,906,2,2767164,119625,4.32,33.28
JVC,Apartment,1293,3,1148278,92104,8.02,42.24
Business Bay,Apartment,462,1,507485,33742,6.65,37.72
Downtown,Villa,3448,5,7009994,398072,5.68,34.98
JVC,Apartment,523,1,493665,39794,8.06,42.55
JVC,Apartment,1182,3,1310803,104642,7.98,48.52
JVC,Apartment,885,2,798268,65685,8.23,47.52
Downtown,Villa,2907,3,4850347,275903,5.69,35.27
JVC,Apartment,625,1,597032,52288,8.76,52.47
Downtown,Apartment,538,1,1034091,59298,5.73,38.7
JVC,Villa,2268,3,2560393,198335,7.75,54.38
Business Bay,Apartment,450,1,520772,35921,6.9,40.98
Marina,Apartment,1094,3,1498092,92043,6.14,47.64
JVC,Villa,2629,3,2851165,238818,8.38,52.81
JVC,Apartment,791,2,791147,63484,8.02,59.75
Marina,Townhouse,1942,4,3151475,186094,5.9,35.14
Downtown,Apartment,1696,4,3108418,167950,5.4,47.76
Business Bay,Apartment,1116,3,1501123,98875,6.59,48.36
Business Bay,Townhouse,1376,3,1930186,133180,6.9,47.14
Downtown,Apartment,871,2,1522618,86038,5.65,38.9
Downtown,Apartment,658,2,1235932,68567,5.55,34.65
JVC,Apartment,1143,3,932531,71141,7.63,48.65
Business Bay,Apartment,572,1,670624,47809,7.13,46.33
Marina,Apartment,1352,3,1822606,107127,5.88,37.83
Downtown,Apartment,902,2,1808585,92402,5.11,44.31
JVC,Apartment,1064,3,1125339,101116,8.99,54.38
Downtown,Villa,3039,4,5849750,317172,5.42,43.06
JVC,Villa,3595,5,3400489,267191,7.86,56.61
Marina,Townhouse,2072,3,3696664,209464,5.67,32.49
Downtown,Apartment,463,1,894236,48487,5.42,42.37
JVC,Apartment,1230,3,987863,70324,7.12,44.49
Business Bay,Apartment,592,1,903274,57411,6.36,35.59
Business Bay,Apartment,819,2,1336761,87186,6.52,43.24
JVC,Apartment,932,2,954451,71125,7.45,42.36
Marina,Apartment,519,1,897142,56845,6.34,49.53
Business Bay,Apartment,1274,3,1747870,107608,6.16,45.11
JVC,Apartment,415,1,450184,37584,8.35,53.38
JVC,Apartment,869,2,876845,72077,8.22,49.29
Business Bay,Apartment,1263,3,1747950,113420,6.49,46.97
JVC,Apartment,563,1,556909,46442,8.34,54.94
Business Bay,Apartment,587,1,876656,57566,6.57,44.88
Downtown,Villa,2148,3,3207122,179667,5.6,33.61
Business Bay,Townhouse,1915,3,2721656,181536,6.67,39.35
JVC,Apartment,1214,3,959239,70126,7.31,47.75
Business Bay,Apartment,514,1,585013,35041,5.99,36.77
Marina,Villa,4375,6,5922806,381525,6.44,46.19
Downtown,Townhouse,2771,4,4643062,254100,5.47,36.0
JVC,Apartment,896,2,965560,78535,8.13,53.02
Downtown,Villa,2540,3,5242016,302314,5.77,32.36
JVC,Apartment,592,1,487714,42194,8.65,54.18
Downtown,Villa,3773,4,5856279,316566,5.41,42.74
Downtown,Villa,3695,5,5861530,332956,5.68,47.68
Marina,Apartment,1281,3,1904816,102204,5.37,34.71
Business Bay,Villa,2101,3,3330888,229410,6.89,42.92
Downtown,Townhouse,2026,3,4080167,215254,5.28,30.61
Business Bay,Villa,3063,4,4313317,279364,6.48,35.05
Marina,Villa,4159,5,6874754,414235,6.03,43.56
JVC,Townhouse,2705,4,2939152,220683,7.51,52.29
JVC,Apartment,525,1,460352,36123,7.85,46.2
Business Bay,Apartment,978,2,1155281,76500,6.62,44.3
Business Bay,Villa,3276,4,4455843,295932,6.64,39.5
JVC,Apartment,1149,3,970122,74588,7.69,57.71
Downtown,Apartment,867,2,1582511,80061,5.06,26.22
JVC,Townhouse,2050,3,1992847,152365,7.65,49.48
JVC,Apartment,939,2,947619,69107,7.29,44.96
Marina,Villa,2176,3,3375942,201092,5.96,47.49
Downtown,Apartment,1408,3,2644165,147892,5.59,37.32
Marina,Apartment,1086,3,1574136,98597,6.26,33.6
Downtown,Villa,3666,5,7010932,383353,5.47,38.41
Marina,Apartment,759,2,1096019,69736,6.36,43.8
JVC,Apartment,488,1,502636,39903,7.94,51.86
Downtown,Villa,3484,4,5087836,279501,5.49,36.09
Marina,Apartment,432,1,671130,38245,5.7,39.13
Marina,Apartment,1617,4,2394203,121088,5.06,39.26
Palm Jumeirah,Townhouse,2072,4,6342753,292223,4.61,32.27
JVC,Apartment,471,1,383960,29563,7.7,51.07
JVC,Apartment,485,1,536943,40457,7.53,45.89
Downtown,Villa,3209,4,5604233,303614,5.42,42.15
Marina,Apartment,819,2,1349458,83128,6.16,48.27
JVC,Apartment,736,2,687201,53429,7.77,56.9
Palm Jumeirah,Apartment,1163,3,3305935,148032,4.48,36.52
JVC,Apartment,483,1,418418,34454,8.23,58.3
JVC,Apartment,848,2,856979,72559,8.47,60.28
JVC,Apartment,755,2,844567,63654,7.54,48.43
JVC,Villa,3400,4,3791131,308473,8.14,44.19
JVC,Apartment,463,1,456853,36214,7.93,45.27
Downtown,Townhouse,1833,3,3831958,199844,5.22,40.48
Business Bay,Apartment,1106,3,1508034,91225,6.05,39.69
JVC,Townhouse,1805,3,2049194,170280,8.31,51.51
Business Bay,Villa,2803,4,4021284,250999,6.24,27.1
Business Bay,Villa,3439,4,4271663,276673,6.48,40.71
Palm Jumeirah,Apartment,900,2,2187607,96651,4.42,34.65
Marina,Apartment,494,1,794805,48643,6.12,36.66
Marina,Villa,2937,3,4429048,271228,6.12,34.66
JVC,Apartment,1008,3,1158534,102203,8.82,61.82
Marina,Apartment,571,1,864649,53721,6.21,40.92
Downtown,Apartment,1023,2,2208267,120658,5.46,34.43
Downtown,Townhouse,1861,3,3599623,203482,5.65,28.11
Business Bay,Villa,2184,3,2682008,175265,6.53,40.17
Business Bay,Apartment,729,2,1170001,77698,6.64,39.49
Business Bay,Apartment,576,1,841215,59731,7.1,48.2
Palm Jumeirah,Apartment,1166,3,2636076,133908,5.08,36.27
JVC,Villa,2479,3,2820676,200922,7.12,38.5
JVC,Townhouse,2491,4,2640693,221378,8.38,59.94
JVC,Villa,3475,5,3290807,260723,7.92,54.87
Business Bay,Apartment,452,1,633115,39456,6.23,45.84
Downtown,Apartment,474,1,889144,50513,5.68,39.57
JVC,Villa,2610,3,2537755,212050,8.36,58.63
JVC,Apartment,533,1,590534,49460,8.38,51.56
Downtown,Apartment,1208,3,2488964,134687,5.41,34.97
JVC,Apartment,1350,3,1278848,97056,7.59,45.66
Marina,Apartment,1111,3,1662843,96449,5.8,44.33
Marina,Townhouse,1492,3,2481270,148212,5.97,47.92
Downtown,Apartment,1230,3,2322269,125536,5.41,40.68
Downtown,Apartment,638,2,1096750,65340,5.96,37.41
Downtown,Apartment,488,1,875122,46933,5.36,42.38
JVC,Apartment,512,1,557788,41385,7.42,42.48
Business Bay,Townhouse,2443,4,3643579,248296,6.81,34.64
Business Bay,Apartment,454,1,610652,40260,6.59,42.02
Marina,Apartment,533,1,1047966,61129,5.83,36.83
Marina,Apartment,497,1,847782,51042,6.02,39.44
Downtown,Apartment,573,1,1071565,58531,5.46,38.54
Downtown,Apartment,1198,3,1918351,103928,5.42,33.27
Marina,Apartment,1327,3,2185685,133455,6.11,36.97
Downtown,Apartment,868,2,1489189,78482,5.27,30.87
Marina,Villa,3880,4,7343173,412353,5.62,36.21
JVC,Apartment,453,1,483875,38232,7.9,39.88
Downtown,Villa,4652,5,9136176,477065,5.22,30.2
Downtown,Apartment,1484,4,2777767,149242,5.37,35.33
JVC,Villa,3905,5,3382120,289251,8.55,52.94
Business Bay,Townhouse,2145,4,3104556,185985,5.99,41.99
Downtown,Apartment,485,1,837603,44362,5.3,34.55
JVC,Villa,4319,5,3555289,298575,8.4,56.68
JVC,Villa,3420,5,4058520,342519,8.44,54.64
Marina,Townhouse,1994,3,3162992,188549,5.96,32.12
Marina,Apartment,432,1,590942,36059,6.1,37.61
Marina,Apartment,477,1,733056,44196,6.03,32.07
JVC,Apartment,892,2,872570,67071,7.69,58.08
JVC,Villa,3468,4,3403170,291195,8.56,51.72
JVC,Townhouse,2344,4,2140095,169510,7.92,50.28
Marina,Apartment,878,2,1510339,93380,6.18,39.25
Business Bay,Villa,3328,4,4176893,287475,6.88,41.53
JVC,Townhouse,1728,3,1782322,152737,8.57,59.92
Palm Jumeirah,Apartment,556,1,1449881,71473,4.93,29.46
Business Bay,Apartment,470,1,680511,42443,6.24,36.06
JVC,Apartment,670,2,669354,52537,7.85,48.36
Business Bay,Apartment,460,1,756826,51720,6.83,48.21
JVC,Apartment,740,2,773777,62947,8.14,52.47
Marina,Apartment,1660,4,2552850,141015,5.52,36.58
JVC,Apartment,481,1,428204,35167,8.21,48.2
Downtown,Apartment,897,2,1550111,80036,5.16,31.35
JVC,Villa,5332,6,5608125,458913,8.18,55.35
Palm Jumeirah,Apartment,1082,3,2540858,103024,4.05,40.41
Business Bay,Apartment,481,1,689625,42612,6.18,33.05
JVC,Apartment,1299,3,1285707,93814,7.3,45.23
Marina,Apartment,829,2,1211553,66930,5.52,40.78
Marina,Villa,4713,6,8098915,481718,5.95,41.82
JVC,Apartment,508,1,586150,46602,7.95,53.47
Business Bay,Apartment,1535,4,2204769,147156,6.67,37.12
Marina,Villa,2459,3,3663021,231927,6.33,42.86
Palm Jumeirah,Apartment,520,1,1506690,61501,4.08,27.87
JVC,Apartment,938,2,950127,70041,7.37,48.17
Business Bay,Apartment,425,1,672689,43370,6.45,48.21
JVC,Apartment,475,1,438825,37171,8.47,45.7
JVC,Villa,3211,4,3636441,293469,8.07,45.23
Palm Jumeirah,Villa,3492,4,8903395,363705,4.09,26.51
Palm Jumeirah,Villa,2510,4,5637194,266094,4.72,32.35
Marina,Apartment,522,1,959201,56071,5.85,39.95
Marina,Apartment,551,1,1057295,66462,6.29,52.29
Downtown,Apartment,517,1,1029394,55297,5.37,34.6
Business Bay,Villa,3474,5,4573886,309494,6.77,41.49
JVC,Apartment,848,2,846715,64492,7.62,52.67
Business Bay,Townhouse,2053,3,2838820,190716,6.72,47.32
Downtown,Apartment,834,2,1552510,95123,6.13,36.97
Downtown,Apartment,484,1,801444,45338,5.66,45.24
Marina,Villa,4137,5,6785104,404963,5.97,33.32
JVC,Apartment,481,1,454201,35446,7.8,35.29
Marina,Apartment,834,2,1239296,72972,5.89,34.21
JVC,Apartment,557,1,469708,38342,8.16,53.72
JVC,Apartment,491,1,495033,38899,7.86,61.59
Marina,Apartment,936,3,1688143,102251,6.06,38.39
JVC,Apartment,1018,2,875162,64090,7.32,50.59
Downtown,Villa,2753,3,4376058,253043,5.78,35.67
Marina,Villa,2043,3,3597388,222186,6.18,34.16
JVC,Townhouse,2558,5,3080235,271115,8.8,53.52
Marina,Apartment,574,1,912611,49016,5.37,35.93
Marina,Apartment,513,1,826389,49045,5.93,38.21
JVC,Townhouse,2231,4,2390045,189657,7.94,48.58
Palm Jumeirah,Apartment,866,2,2494870,114628,4.59,39.5
Downtown,Apartment,973,2,1666205,92498,5.55,36.4
Downtown,Apartment,453,1,838709,46560,5.55,39.7
Downtown,Apartment,990,2,1956521,106168,5.43,24.96
Palm Jumeirah,Apartment,933,2,2153796,93141,4.32,36.58
Marina,Apartment,863,2,1378101,75764,5.5,36.45
Business Bay,Apartment,830,2,1069883,69973,6.54,45.78
Downtown,Apartment,1204,3,1782371,101827,5.71,46.0
JVC,Apartment,447,1,478003,35783,7.49,45.78
Marina,Townhouse,1562,3,2596144,160746,6.19,44.23
Marina,Townhouse,1818,3,2916663,168431,5.77,37.38
Marina,Apartment,886,2,1285723,72688,5.65,31.85
JVC,Apartment,1250,3,1188129,99437,8.37,53.88
Downtown,Apartment,900,2,1531632,82029,5.36,38.8
JVC,Villa,3140,4,3185106,241104,7.57,49.53
Business Bay,Apartment,417,1,508525,33847,6.66,42.03
JVC,Apartment,929,2,935215,77448,8.28,42.54
JVC,Apartment,905,2,837409,68888,8.23,50.83
Downtown,Apartment,1300,3,2427047,130432,5.37,42.23
JVC,Apartment,914,2,837776,58736,7.01,48.96
Downtown,Townhouse,1948,3,3624129,201124,5.55,32.97
JVC,Apartment,1372,4,1342631,118011,8.79,52.07
Business Bay,Apartment,919,2,1118974,73305,6.55,47.64
Downtown,Townhouse,1617,3,2756158,156621,5.68,35.86
JVC,Townhouse,1820,3,1820903,137737,7.56,53.36
Business Bay,Villa,2356,3,3599771,229046,6.36,39.11
JVC,Apartment,526,1,491762,37336,7.59,43.89
Marina,Apartment,982,2,1698858,95978,5.65,43.32
Downtown,Apartment,472,1,744293,40053,5.38,35.71
Business Bay,Villa,3326,4,4588584,291052,6.34,35.18
Marina,Apartment,801,2,1358453,78011,5.74,36.79
Marina,Townhouse,2657,4,4357572,266643,6.12,42.8
Marina,Apartment,859,2,1371626,83620,6.1,41.06
Marina,Villa,3781,4,6099285,344338,5.65,25.76
Palm Jumeirah,Apartment,755,2,2212813,99805,4.51,31.34
Marina,Apartment,806,2,1223378,71732,5.86,40.1
Downtown,Apartment,956,2,1879211,101479,5.4,35.92
Marina,Apartment,1115,3,1637505,99349,6.07,36.1
JVC,Apartment,1065,3,1061498,89040,8.39,45.65
JVC,Apartment,923,2,951958,81500,8.56,54.97
Marina,Apartment,1357,3,2055613,122183,5.94,40.2
JVC,Apartment,1540,4,1548110,125345,8.1,45.64
Downtown,Apartment,779,2,1369444,77911,5.69,41.19
Marina,Apartment,531,1,880634,49462,5.62,45.97
Downtown,Apartment,471,1,1001866,60674,6.06,49.44
Downtown,Apartment,949,2,1639890,100097,6.1,35.35
Business Bay,Villa,3735,5,4726815,311146,6.58,46.4
Marina,Apartment,568,1,979577,56916,5.81,34.09
Marina,Apartment,1390,3,2336623,136786,5.85,39.22
Marina,Apartment,909,2,1324405,78030,5.89,45.82
JVC,Apartment,763,2,629474,49235,7.82,46.59
JVC,Townhouse,1697,3,1554023,113128,7.28,44.47
Marina,Villa,2858,3,4661009,288919,6.2,33.5
JVC,Apartment,935,2,892350,68620,7.69,54.05
Marina,Apartment,470,1,760515,48362,6.36,37.94
Downtown,Villa,4438,5,7256823,387077,5.33,43.96
Marina,Apartment,1071,3,1792399,103700,5.79,47.9
JVC,Villa,3495,4,3787526,287046,7.58,49.63
Business Bay,Townhouse,1493,3,2073056,140296,6.77,48.57
Marina,Villa,2448,3,4471865,255902,5.72,36.29
Marina,Apartment,860,2,1346960,79770,5.92,40.23
JVC,Apartment,1233,3,1302888,105595,8.1,56.69
Downtown,Apartment,444,1,835308,45430,5.44,28.78
Marina,Apartment,1295,3,2320678,136555,5.88,52.66
Marina,Villa,3371,4,5203714,305339,5.87,33.76
Marina,Apartment,507,1,776074,45625,5.88,44.76
Business Bay,Apartment,517,1,649726,46135,7.1,38.97
JVC,Apartment,835,2,866501,74036,8.54,48.32
JVC,Apartment,377,1,340107,27053,7.95,57.77
JVC,Villa,2569,3,2151753,171872,7.99,51.61
Downtown,Apartment,528,1,940447,51525,5.48,43.96
JVC,Apartment,862,2,833791,64927,7.79,52.23
Downtown,Apartment,909,2,1373811,74503,5.42,36.48
Marina,Apartment,843,2,1418356,80091,5.65,38.45
JVC,Apartment,777,2,756015,57298,7.58,45.52
Downtown,Apartment,531,1,978720,50447,5.15,33.74
Downtown,Villa,2914,4,5166667,259550,5.02,33.15
Business Bay,Villa,2114,3,2988124,203781,6.82,42.93
JVC,Apartment,525,1,588777,43585,7.4,46.17
Downtown,Townhouse,2422,4,3284244,174665,5.32,42.36
Marina,Apartment,904,2,1498618,86944,5.8,38.01
Palm Jumeirah,Apartment,897,2,2688486,124932,4.65,29.46
Business Bay,Apartment,741,2,925589,60865,6.58,53.46
Marina,Townhouse,1797,3,2593550,166931,6.44,51.59
Business Bay,Villa,4300,5,6053977,393496,6.5,48.48
Downtown,Apartment,554,1,1000236,54021,5.4,29.99
Business Bay,Apartment,544,1,553727,38129,6.89,47.04
JVC,Villa,3711,4,3238286,265021,8.18,59.55
Marina,Apartment,547,1,771475,44219,5.73,33.14
JVC,Apartment,1186,3,1087212,88491,8.14,55.95
Downtown,Apartment,809,2,1531901,91087,5.95,37.13
JVC,Apartment,822,2,835455,64130,7.68,51.3
JVC,Apartment,1282,3,1248680,97718,7.83,48.96
Business Bay,Apartment,486,1,622433,40780,6.55,44.58
Business Bay,Apartment,492,1,724468,46226,6.38,39.95
JVC,Apartment,935,2,972608,68713,7.06,50.79
Palm Jumeirah,Apartment,1214,3,3131794,140271,4.48,32.44
Marina,Apartment,457,1,653606,37154,5.68,29.16
Marina,Apartment,649,2,1203322,76121,6.33,43.86
Downtown,Apartment,1510,4,3038677,158160,5.2,38.43
JVC,Townhouse,2264,4,2426073,195046,8.04,47.59
Downtown,Apartment,1304,3,2193394,115241,5.25,33.17
Palm Jumeirah,Apartment,946,2,2853190,130011,4.56,35.78
Downtown,Villa,2656,3,4811765,279878,5.82,41.36
JVC,Villa,4520,6,4279590,374815,8.76,53.04
Marina,Apartment,437,1,670984,38145,5.68,36.14
Marina,Townhouse,2673,5,3421724,198617,5.8,34.18
Marina,Villa,3562,5,6594143,385557,5.85,36.23
JVC,Apartment,909,2,1142885,93715,8.2,41.04
Palm Jumeirah,Apartment,769,2,1948067,95368,4.9,37.28
Marina,Apartment,431,1,812294,46850,5.77,37.72
Marina,Villa,5641,6,9727202,560556,5.76,43.18
Marina,Apartment,491,1,774726,51943,6.7,48.27
JVC,Apartment,493,1,466013,37768,8.1,43.91
JVC,Apartment,942,2,908751,75307,8.29,47.14
JVC,Apartment,454,1,452017,36194,8.01,43.19
Business Bay,Apartment,1149,3,1777341,116224,6.54,38.95
JVC,Villa,3840,6,3884680,356101,9.17,58.23
Business Bay,Apartment,1326,3,1931295,125618,6.5,42.46
JVC,Apartment,403,1,387999,32519,8.38,54.22
Downtown,Apartment,1588,4,2911342,147981,5.08,33.67
Downtown,Villa,2810,3,4929232,285407,5.79,43.67
JVC,Apartment,473,1,598021,46813,7.83,57.53
Downtown,Apartment,477,1,837799,45399,5.42,36.61
Marina,Villa,3703,4,6488731,399524,6.16,41.25
Marina,Villa,4813,6,7849939,448200,5.71,35.99
JVC,Villa,3927,4,4081669,344598,8.44,50.98
JVC,Apartment,878,2,743872,54732,7.36,43.11
Marina,Apartment,445,1,664184,38444,5.79,37.64
JVC,Apartment,882,2,980218,81012,8.26,62.11
Business Bay,Townhouse,2209,4,2511452,167260,6.66,37.64
JVC,Apartment,550,1,547351,47797,8.73,57.01
Downtown,Apartment,815,2,1488440,74119,4.98,34.59
Downtown,Townhouse,1818,3,2628614,142818,5.43,42.45
JVC,Villa,2764,4,2428966,204980,8.44,46.34
JVC,Apartment,823,2,712832,59702,8.38,51.9
Downtown,Villa,3941,5,7599484,403565,5.31,29.5
Downtown,Apartment,445,1,833289,46644,5.6,39.95
JVC,Villa,3312,4,3262041,290973,8.92,47.39
Business Bay,Townhouse,2253,4,3195377,212885,6.66,39.68
Downtown,Apartment,439,1,823842,42789,5.19,38.13
Marina,Apartment,509,1,710441,41311,5.81,38.95
Marina,Townhouse,2187,4,2724399,156581,5.75,32.4
JVC,Villa,2298,3,2280499,187561,8.22,48.79
JVC,Villa,4587,5,4282326,327927,7.66,42.36
Marina,Townhouse,1365,3,2284999,136397,5.97,41.27
JVC,Villa,3756,4,3500939,282620,8.07,51.84
Marina,Villa,3699,4,6083615,375156,6.17,37.79
JVC,Villa,2799,3,2719617,231709,8.52,49.03
JVC,Apartment,810,2,859239,64678,7.53,46.65
JVC,Apartment,476,1,475646,38572,8.11,47.54
Downtown,Villa,4151,5,7336979,403848,5.5,38.75
JVC,Apartment,831,2,850880,66751,7.84,40.9
JVC,Apartment,1170,3,1081230,82301,7.61,51.76
JVC,Apartment,570,1,584199,48955,8.38,43.32
JVC,Townhouse,1928,4,2397217,190565,7.95,50.86
Downtown,Apartment,555,1,1017011,54454,5.35,40.8
JVC,Apartment,1000,3,850723,66787,7.85,39.89
Downtown,Apartment,806,2,1578428,91451,5.79,38.53
Marina,Villa,3567,4,6708918,425046,6.34,42.5
Marina,Apartment,802,2,1362772,80043,5.87,45.73
Marina,Villa,2315,3,3714277,235979,6.35,33.4
JVC,Apartment,829,2,703259,56390,8.02,53.84
JVC,Villa,3466,4,3460052,264239,7.64,50.44
Marina,Apartment,813,2,1108569,58893,5.31,31.02
JVC,Apartment,493,1,423956,33260,7.85,49.19
Marina,Apartment,814,2,1114205,70101,6.29,42.18
Downtown,Apartment,809,2,1500918,81282,5.42,36.84
Marina,Apartment,516,1,916868,48827,5.33,31.0
JVC,Apartment,1350,3,1519597,124346,8.18,54.07
Downtown,Apartment,593,2,1236817,70728,5.72,48.62
JVC,Apartment,875,2,1069497,83298,7.79,58.45
Marina,Apartment,883,2,1423614,80092,5.63,29.97
Marina,Apartment,902,2,1238340,73193,5.91,49.28
Business Bay,Apartment,487,1,647993,42234,6.52,44.8
Downtown,Villa,3428,4,6070282,337163,5.55,38.78
JVC,Villa,2572,3,2583815,216322,8.37,48.56
JVC,Apartment,886,2,790623,60170,7.61,44.34
Marina,Townhouse,2299,4,4305763,245548,5.7,38.19
JVC,Apartment,1489,4,1687725,137778,8.16,48.32
Marina,Apartment,571,1,940902,54870,5.83,37.9
JVC,Villa,3129,4,3288992,254872,7.75,43.1
Downtown,Townhouse,2109,4,4021260,216953,5.4,35.94
JVC,Apartment,558,1,608411,46377,7.62,43.92
Marina,Apartment,934,2,1415476,84293,5.96,33.09
Marina,Apartment,456,1,728778,46912,6.44,44.79
Marina,Apartment,1282,3,2177365,139911,6.43,32.38
JVC,Apartment,1399,4,1274108,105629,8.29,46.63
Marina,Villa,3756,5,5502688,351883,6.39,45.21
Business Bay,Villa,5310,6,7558489,526352,6.96,44.19
Marina,Apartment,466,1,717915,41079,5.72,35.94
JVC,Apartment,608,1,598382,47711,7.97,49.48
Marina,Townhouse,1541,3,2602010,149873,5.76,38.71
Marina,Apartment,520,1,766520,46901,6.12,41.13
Business Bay,Apartment,853,2,1064433,66520,6.25,38.73
Downtown,Apartment,997,2,1358148,75625,5.57,38.05
Marina,Apartment,900,3,1536575,87045,5.66,33.09
Downtown,Villa,4536,5,8660171,492650,5.69,31.38
JVC,Villa,3578,4,3691561,285423,7.73,47.9
JVC,Apartment,848,2,902567,79771,8.84,51.9
Marina,Apartment,1276,3,1832411,113299,6.18,43.29
Downtown,Townhouse,2484,4,5201201,280994,5.4,34.28
Business Bay,Apartment,918,3,1325015,84377,6.37,44.53
Business Bay,Apartment,844,2,1300041,87744,6.75,46.85
JVC,Townhouse,1692,3,1621419,121201,7.48,48.58
Marina,Apartment,989,3,1762431,106014,6.02,41.13
Marina,Apartment,942,2,1475546,86467,5.86,35.62
Marina,Apartment,555,1,668400,39187,5.86,40.44
Downtown,Apartment,527,1,795658,45431,5.71,43.16
Palm Jumeirah,Townhouse,1968,4,4969471,240973,4.85,35.57
Business Bay,Villa,2083,3,3205197,199190,6.21,36.15
Palm Jumeirah,Apartment,468,1,1128607,47587,4.22,32.97
Downtown,Villa,3298,4,6447742,380431,5.9,36.56
Marina,Apartment,975,2,1549776,92058,5.94,43.42
JVC,Apartment,1678,4,1553085,119030,7.66,44.94
Business Bay,Apartment,1597,4,2161165,134347,6.22,34.54
Marina,Apartment,563,1,872190,51551,5.91,41.82
JVC,Villa,3517,4,2638173,215034,8.15,45.59
Marina,Apartment,441,1,816114,51143,6.27,49.99
Marina,Villa,3183,4,5710458,342906,6.0,42.67
JVC,Villa,4074,5,4141263,321407,7.76,51.89
JVC,Apartment,561,1,658590,51752,7.86,45.43
JVC,Apartment,1176,3,1019220,78065,7.66,53.13
Marina,Apartment,1339,4,1748383,107460,6.15,49.25
Palm Jumeirah,Apartment,1327,3,3616736,154466,4.27,25.92
JVC,Apartment,911,2,859354,64530,7.51,49.56
JVC,Apartment,473,1,464449,34990,7.53,55.02
JVC,Apartment,928,2,1030814,83790,8.13,46.69
Downtown,Apartment,745,2,1010095,52670,5.21,41.64
Downtown,Apartment,686,2,1343235,75115,5.59,47.16
JVC,Apartment,742,2,813480,64727,7.96,49.22
JVC,Villa,3470,4,3239419,272406,8.41,53.56
Marina,Apartment,481,1,784839,39142,4.99,32.69
Downtown,Villa,2803,3,4716361,254630,5.4,40.83
JVC,Apartment,485,1,456034,35851,7.86,53.56
JVC,Apartment,750,2,890341,71164,7.99,46.36
Business Bay,Apartment,522,1,688375,45833,6.66,51.68
JVC,Villa,4303,5,4516966,350128,7.75,59.32
Business Bay,Townhouse,1915,3,2579016,159899,6.2,39.65
Marina,Apartment,595,1,941830,56413,5.99,41.37
JVC,Apartment,827,2,828594,67291,8.12,47.66
Marina,Villa,4937,6,6501964,399150,6.14,38.24
Business Bay,Villa,3183,4,4557922,315482,6.92,44.21
Business Bay,Townhouse,1776,3,2286969,147878,6.47,48.77
Business Bay,Villa,3199,4,4757180,267017,5.61,38.09
Marina,Apartment,471,1,715101,45989,6.43,41.89
JVC,Villa,4548,5,5111221,447132,8.75,51.24
Marina,Villa,4426,5,6546317,406768,6.21,43.97
Marina,Apartment,886,2,1278942,84929,6.64,41.52
Marina,Apartment,461,1,684944,44472,6.49,36.86
Downtown,Villa,4582,5,9761717,489341,5.01,28.91
Downtown,Apartment,460,1,741351,40949,5.52,40.15
Palm Jumeirah,Apartment,765,2,1808890,80394,4.44,26.57
Marina,Apartment,414,1,640731,37061,5.78,37.61
Downtown,Townhouse,1963,3,3677217,201540,5.48,33.42
Palm Jumeirah,Villa,5103,6,13151909,621464,4.73,37.6
JVC,Townhouse,2405,4,2625504,211443,8.05,53.65
Downtown,Apartment,1246,3,2338444,120204,5.14,42.78
Downtown,Apartment,1227,3,2049533,131762,6.43,44.72
Business Bay,Apartment,791,2,1095605,71747,6.55,50.07
Marina,Apartment,826,2,1500680,96273,6.42,43.34
JVC,Apartment,968,2,1041809,84774,8.14,51.13
Marina,Townhouse,2143,4,3529706,225860,6.4,39.05
JVC,Apartment,963,2,877591,77120,8.79,50.27
Downtown,Apartment,870,2,1526513,79300,5.19,27.57
Business Bay,Apartment,841,2,1027242,66501,6.47,43.86
Downtown,Apartment,542,1,1050545,59528,5.67,36.93
JVC,Apartment,1163,3,1280903,106873,8.34,51.97
Palm Jumeirah,Apartment,505,1,1163185,52243,4.49,31.4
Marina,Apartment,477,1,803719,50196,6.25,39.33
JVC,Apartment,461,1,531641,41862,7.87,57.02
Downtown,Apartment,806,2,1454998,84070,5.78,38.48
Downtown,Townhouse,2246,4,3905694,202424,5.18,34.06
JVC,Apartment,1770,4,1712138,136833,7.99,42.61
Downtown,Apartment,490,1,995869,55789,5.6,38.1
Marina,Apartment,878,2,1256746,77392,6.16,38.92
Downtown,Apartment,800,2,1317735,65906,5.0,29.84
JVC,Apartment,738,2,816161,66432,8.14,48.2
Business Bay,Apartment,1129,2,1558924,99679,6.39,42.54
JVC,Apartment,833,2,939780,76165,8.1,52.4
Downtown,Apartment,1340,3,2438907,125563,5.15,29.61
Palm Jumeirah,Apartment,495,1,1050206,47146,4.49,29.53
Downtown,Villa,3031,4,5555068,308989,5.56,44.3
JVC,Villa,4726,6,4626625,386822,8.36,47.96
Business Bay,Villa,4863,5,6894173,472755,6.86,42.53
JVC,Apartment,822,2,863704,73606,8.52,49.82
JVC,Villa,3578,4,3476986,296466,8.53,38.09
Downtown,Apartment,796,2,1515023,86861,5.73,46.69
Marina,Apartment,932,2,1700266,109958,6.47,43.27
JVC,Apartment,916,2,885570,74954,8.46,54.39
JVC,Apartment,973,2,881179,74911,8.5,52.05
JVC,Apartment,467,1,518999,39198,7.55,48.31
JVC,Apartment,749,2,869533,73282,8.43,52.12
Marina,Villa,2372,3,4337354,261172,6.02,45.5
Marina,Villa,2365,3,3962393,252198,6.36,38.23
Palm Jumeirah,Apartment,1262,3,2990727,127294,4.26,34.06
Downtown,Apartment,528,1,840344,51610,6.14,47.19
Business Bay,Apartment,702,2,962540,62170,6.46,39.23
Marina,Apartment,444,1,718725,41949,5.84,33.79
JVC,Apartment,515,1,505853,40977,8.1,56.06
JVC,Townhouse,2933,5,2664625,209257,7.85,49.42
Marina,Villa,4429,5,6879532,439145,6.38,43.87
Downtown,Apartment,1035,2,1523112,80676,5.3,33.35
JVC,Apartment,858,2,991595,85271,8.6,56.67
Marina,Apartment,1194,3,1862400,110572,5.94,42.73
JVC,Townhouse,1785,3,1980801,168441,8.5,52.79
JVC,Apartment,557,1,553732,44759,8.08,55.35
Downtown,Villa,3746,5,6797023,372313,5.48,41.3
Downtown,Apartment,894,2,1537712,80845,5.26,33.33
Downtown,Villa,4037,6,7620130,429766,5.64,43.05
Palm Jumeirah,Apartment,712,2,1783526,74940,4.2,41.53
Downtown,Apartment,395,1,732668,38823,5.3,28.9
Marina,Apartment,950,2,1597979,101218,6.33,27.67
Business Bay,Apartment,683,2,808520,50799,6.28,44.09
Downtown,Apartment,521,1,801929,45437,5.67,41.47
Downtown,Townhouse,2562,4,4455054,256253,5.75,42.98
Marina,Apartment,1440,3,2314523,146792,6.34,43.18
Downtown,Apartment,555,1,1090083,60263,5.53,36.3
Downtown,Apartment,819,2,1283229,75637,5.89,35.99
JVC,Apartment,509,1,533418,43427,8.14,44.02
JVC,Apartment,1107,3,1094637,86082,7.86,59.08
Marina,Villa,2516,3,3721943,211374,5.68,37.26
Marina,Apartment,543,1,922817,56528,6.13,25.46
Marina,Apartment,583,1,962019,53189,5.53,45.29
Marina,Villa,3331,4,6251404,382843,6.12,41.83
Business Bay,Apartment,865,2,1199700,73820,6.15,40.16
Downtown,Apartment,686,2,1325266,75000,5.66,40.63
Downtown,Villa,3195,4,5607522,294584,5.25,34.35
Palm Jumeirah,Apartment,693,2,1658311,70383,4.24,32.38
JVC,Apartment,900,2,930723,75807,8.15,56.34
Downtown,Apartment,962,2,1636835,81625,4.99,31.13
Downtown,Apartment,1322,4,2371953,141356,5.96,50.82
Marina,Apartment,781,2,1093488,64677,5.91,47.41
JVC,Villa,3492,5,3650139,312870,8.57,50.05
JVC,Apartment,444,1,480588,41678,8.67,53.35
JVC,Apartment,464,1,425805,34358,8.07,64.57
Marina,Apartment,498,1,825638,54183,6.56,43.34
Marina,Apartment,485,1,792067,46671,5.89,42.96
JVC,Apartment,523,1,531396,45130,8.49,54.65
Downtown,Apartment,1317,3,1800147,105728,5.87,43.8
JVC,Apartment,844,2,656525,53406,8.13,52.94
Marina,Villa,3095,4,5160882,291931,5.66,41.99
Downtown,Apartment,490,1,855526,47757,5.58,34.79
Marina,Apartment,527,1,732017,42611,5.82,39.26
Downtown,Apartment,482,1,1043832,54790,5.25,34.85
Marina,Apartment,1232,3,1768913,99897,5.65,34.86
JVC,Apartment,829,2,1043375,85737,8.22,42.05
JVC,Apartment,941,2,958317,83303,8.69,45.02
Marina,Villa,4335,5,6591782,409637,6.21,42.62
Marina,Apartment,851,2,1288271,72558,5.63,40.34
Downtown,Apartment,816,2,1602125,86460,5.4,38.29
Marina,Apartment,528,1,918636,59800,6.51,39.06
Palm Jumeirah,Villa,4422,5,11565108,572935,4.95,34.99
Marina,Apartment,466,1,602280,31550,5.24,43.51
JVC,Apartment,569,1,591821,45373,7.67,53.66
Palm Jumeirah,Villa,3368,4,6869925,317210,4.62,30.01
JVC,Apartment,882,2,643724,52174,8.11,43.28
Palm Jumeirah,Apartment,459,1,1055230,50236,4.76,31.59
Business Bay,Apartment,880,2,1508137,91513,6.07,38.92
JVC,Apartment,805,2,835950,70697,8.46,52.85
Marina,Apartment,805,2,1101898,64771,5.88,34.66
Business Bay,Villa,2680,3,3830526,237148,6.19,40.52
JVC,Apartment,822,2,818712,65549,8.01,50.93
JVC,Townhouse,1892,3,1794371,149337,8.32,48.39
Downtown,Apartment,902,2,1506432,85497,5.68,39.44
JVC,Apartment,1366,3,1525256,123661,8.11,56.59
JVC,Apartment,521,1,460325,36597,7.95,49.36
Marina,Apartment,466,1,847615,44354,5.23,34.24
JVC,Apartment,1534,4,1659108,143819,8.67,54.6
JVC,Villa,4311,5,4686478,354438,7.56,53.82
JVC,Townhouse,1553,3,1800979,143989,8.0,51.4
Marina,Apartment,864,2,1284644,73799,5.74,41.23
Marina,Apartment,1259,3,2314112,143739,6.21,45.1
Marina,Villa,3971,4,6834074,395719,5.79,38.86
Business Bay,Apartment,957,2,1352492,84363,6.24,40.9
JVC,Apartment,482,1,537028,39776,7.41,48.78
JVC,Apartment,906,2,926927,79141,8.54,49.68
JVC,Townhouse,1929,3,1864520,148311,7.95,49.72
Downtown,Apartment,838,2,1812924,100265,5.53,36.02
Business Bay,Villa,4188,5,5766372,352417,6.11,44.02
Downtown,Apartment,1234,3,2153499,123764,5.75,35.7
Business Bay,Apartment,506,1,809349,55238,6.82,51.63
Marina,Villa,2489,3,4012439,229773,5.73,43.58
Downtown,Apartment,935,2,1708077,99119,5.8,33.49
JVC,Apartment,662,2,644948,54635,8.47,46.74
Marina,Villa,5884,6,10521246,656583,6.24,33.73
Palm Jumeirah,Apartment,791,2,1961313,87924,4.48,32.82
JVC,Apartment,814,2,645037,50056,7.76,39.67
Downtown,Apartment,500,1,927316,50735,5.47,30.38
Business Bay,Apartment,743,2,1059332,67246,6.35,47.4
Downtown,Villa,4206,5,8178235,465718,5.69,41.01
Marina,Villa,4106,5,6062170,367382,6.06,38.52
JVC,Townhouse,1564,3,1639567,140879,8.59,56.76
JVC,Villa,4008,5,3766508,301095,7.99,59.88
Marina,Apartment,953,2,1459887,85969,5.89,39.08
Marina,Villa,4398,6,8038155,486616,6.05,42.69
Business Bay,Villa,2851,4,3955688,269550,6.81,40.46
Business Bay,Villa,3088,4,3361579,219807,6.54,48.64
Marina,Villa,4740,5,9818769,596505,6.08,37.06
Business Bay,Apartment,485,1,716216,47656,6.65,53.74
JVC,Apartment,540,1,604421,45277,7.49,51.02
Marina,Villa,3092,4,4796750,285185,5.95,37.09
Business Bay,Townhouse,1953,4,2774757,174905,6.3,44.67
Downtown,Apartment,774,2,1329790,76997,5.79,38.29
JVC,Villa,2568,3,2259016,199304,8.82,51.76
JVC,Villa,4261,6,4068923,309639,7.61,48.69
Downtown,Apartment,556,1,1161799,67023,5.77,45.2
Marina,Apartment,523,1,894139,52072,5.82,33.59
Palm Jumeirah,Apartment,1099,3,2561261,119186,4.65,38.48
JVC,Apartment,773,2,844804,70556,8.35,50.02
Downtown,Apartment,949,2,1666896,94534,5.67,42.47
JVC,Apartment,835,2,756882,61803,8.17,50.68
JVC,Apartment,455,1,462325,37922,8.2,54.37
JVC,Apartment,1080,3,990560,77334,7.81,51.57
Marina,Apartment,463,1,798713,45717,5.72,42.87
Downtown,Townhouse,1533,3,2506877,137700,5.49,32.49
Downtown,Apartment,1140,3,2062454,110280,5.35,37.48
JVC,Apartment,470,1,514950,42836,8.32,52.42
Downtown,Villa,2685,3,5156957,287813,5.58,36.93
Marina,Apartment,830,2,1268534,80596,6.35,42.11
JVC,Apartment,791,2,763354,59862,7.84,48.83
Marina,Apartment,858,2,1300807,74919,5.76,39.27
Business Bay,Apartment,1360,3,1756699,110212,6.27,40.57
JVC,Apartment,1196,3,1118404,86230,7.71,56.12
Marina,Villa,4017,5,6868001,365243,5.32,37.11
Downtown,Villa,2668,4,4117201,231568,5.62,39.27
JVC,Apartment,804,2,818065,69647,8.51,51.72
Downtown,Apartment,1256,3,2479593,132532,5.34,35.01
Marina,Apartment,464,1,749039,44404,5.93,38.28
JVC,Apartment,790,2,684018,54229,7.93,48.31
Business Bay,Townhouse,2353,4,3515898,231899,6.6,39.74
Downtown,Apartment,715,2,1236570,63857,5.16,29.44
Palm Jumeirah,Villa,3481,4,8241775,363008,4.4,29.51
Downtown,Villa,2495,3,4016856,226584,5.64,29.87
JVC,Apartment,512,1,498104,39270,7.88,51.53
Marina,Apartment,778,2,1423299,90389,6.35,46.68
Business Bay,Apartment,517,1,824294,52987,6.43,40.11
Downtown,Apartment,508,1,887024,47728,5.38,27.75
Marina,Villa,3296,4,5768193,358215,6.21,41.67
Downtown,Apartment,579,1,1110248,59410,5.35,38.87
Downtown,Apartment,785,2,1275470,69665,5.46,43.16
Marina,Apartment,502,1,821716,50337,6.13,32.61
Marina,Villa,4726,6,8196146,487902,5.95,39.47
JVC,Apartment,680,2,683009,56179,8.23,47.53
Marina,Apartment,537,1,861927,51716,6.0,37.21
Business Bay,Apartment,581,1,738817,47518,6.43,39.58
Marina,Apartment,483,1,753471,43737,5.8,35.23
Business Bay,Villa,3471,5,4571299,315713,6.91,46.0
JVC,Villa,4686,6,3986183,319023,8.0,49.98
Downtown,Apartment,536,1,934509,51216,5.48,35.61
Marina,Apartment,526,1,813175,44711,5.5,35.13
JVC,Apartment,421,1,433497,34513,7.96,59.92
JVC,Townhouse,1575,3,1395712,113600,8.14,48.74
JVC,Apartment,857,2,798664,65012,8.14,57.62
Downtown,Apartment,458,1,1071206,63238,5.9,35.53
Business Bay,Apartment,1428,3,2022039,130730,6.47,48.1
Business Bay,Apartment,542,1,787843,51955,6.59,46.95
JVC,Apartment,1726,4,1581304,141296,8.94,58.12
Downtown,Townhouse,2685,4,5104892,286389,5.61,39.26
Marina,Apartment,837,2,1136186,68294,6.01,36.46
Downtown,Apartment,510,1,787922,47516,6.03,39.64
Marina,Apartment,1427,3,2296103,131894,5.74,42.97
Business Bay,Apartment,488,1,755172,49845,6.6,51.06
Downtown,Villa,3009,4,5282421,285302,5.4,41.67
JVC,Townhouse,2071,3,2150825,173448,8.06,58.4
JVC,Villa,3814,5,4290916,342316,7.98,48.92
Marina,Apartment,506,1,784666,48262,6.15,32.64
Palm Jumeirah,Villa,3872,5,8942749,404403,4.52,28.88
Marina,Apartment,1650,4,2770930,174890,6.31,42.57
JVC,Townhouse,2097,3,2271363,190222,8.37,50.55
Palm Jumeirah,Apartment,558,1,1383510,60997,4.41,32.69
JVC,Apartment,821,2,655188,51541,7.87,43.76
Marina,Apartment,1521,4,2557437,145712,5.7,34.64
Business Bay,Apartment,506,1,541437,36945,6.82,44.48
Downtown,Townhouse,1828,3,3321686,181655,5.47,30.11
Downtown,Apartment,1185,3,1923087,105867,5.51,37.45
Palm Jumeirah,Apartment,534,1,1468940,68795,4.68,31.89
Palm Jumeirah,Apartment,909,2,1892715,77518,4.1,27.74
Marina,Apartment,613,1,1074264,59463,5.54,45.2
Downtown,Villa,3289,4,6074801,326768,5.38,37.63
JVC,Villa,4197,6,5117818,385237,7.53,48.74
Business Bay,Townhouse,1672,3,2240307,137271,6.13,46.25
Business Bay,Apartment,800,2,1128772,74043,6.56,45.89
